candidate_location_id,preferred_name,normalized_name,candidate_type,promotion_class,factual_identity_status,identity_evidence,source_support,licence_classes,licence_state,odbl_evidence_present,boundary_conflict,conflicts,duplicate_evidence,osm_only,promotion_reasons,human_review_required,review_set_reason,unresolved_attributes,required_probe_names,representative_latitude,representative_longitude,review_category
pl-gp-v01-014177e3d60af18c4457,Hermanstad,hermanstad,suburb,founder_review_required,requires_founder_review,"{""class"":""multi_source_contextual_match"",""confidence"":""moderate"",""direct_cross_identifier"":false,""exact_contextual"":true,""fuzzy_proposals_withheld"":0,""match_methods"":{""exact_contextual"":2},""match_statuses"":{""conflict"":1,""high_confidence"":2},""not_based_on_name_equality_alone"":true,""robust"":true,""very_strong"":false}","{""geonames_feature_classes"":{""P"":1,""R"":1},""geonames_feature_codes"":{""PPL"":1,""RYD"":1},""osm_alias_tags"":{},""osm_identifier_tags"":{},""osm_landuse_values"":[],""osm_place_values"":[""suburb""],""osm_residential_values"":[],""source_count"":2,""source_native_types"":[{""classification"":{""country_code"":""ZA"",""feature_class"":""P"",""feature_code"":""PPL"",""feature_description"":""populated place""},""proposed_type_hints"":[""locality"",""town"",""village""],""source"":""geonames"",""source_native_id"":""11524777"",""source_record_id"":""sr:geonames:11524777""},{""classification"":{""country_code"":""ZA"",""feature_class"":""R"",""feature_code"":""RYD"",""feature_description"":""railroad yard""},""proposed_type_hints"":[""other""],""source"":""geonames"",""source_native_id"":""8134099"",""source_record_id"":""sr:geonames:8134099""},{""classification"":{""admin_level"":null,""boundary"":null,""element_type"":""node"",""landuse"":null,""place"":""suburb"",""residential"":null},""proposed_type_hints"":[""osm_place"",""suburb""],""source"":""osm"",""source_native_id"":""node/262706985"",""source_record_id"":""sr:osm:node/262706985""}],""source_record_ids"":[""sr:geonames:11524777"",""sr:geonames:8134099"",""sr:osm:node/262706985""],""sources"":[""geonames"",""osm""]}","[""CC_BY_4"",""ODBL_1""]",MIXED_INCLUDES_ODBL,True,True,"[""inside_admin_code_conflict""]","{""close_same_context"":false,""close_same_context_pairs"":[],""duplicate_name_action"":""not_applicable"",""normalized_name_group_candidate_ids"":[""pl-gp-v01-014177e3d60af18c4457""],""normalized_name_group_size"":1}",False,"[""point is inside Gauteng but source administrative coding conflicts and independent identity support is weak""]",True,point is inside Gauteng but source administrative coding conflicts and independent identity support is weak,"[""administrative_context"",""candidate_type""]",[],-25.71921,28.1616667,boundary_admin_identity
pl-gp-v01-02baee7bfa3a586c6803,Klippan,klippan,town,founder_review_required,requires_founder_review,"{""class"":""multi_source_contextual_match"",""confidence"":""moderate"",""direct_cross_identifier"":false,""exact_contextual"":true,""fuzzy_proposals_withheld"":2,""match_methods"":{""exact_contextual"":1},""match_statuses"":{""ambiguous"":1,""conflict"":1,""proposed"":2},""not_based_on_name_equality_alone"":true,""robust"":true,""very_strong"":false}","{""geonames_feature_classes"":{""P"":1},""geonames_feature_codes"":{""PPL"":1},""osm_alias_tags"":{},""osm_identifier_tags"":{},""osm_landuse_values"":[],""osm_place_values"":[],""osm_residential_values"":[],""source_count"":2,""source_native_types"":[{""classification"":{""country_code"":""ZA"",""feature_class"":""P"",""feature_code"":""PPL"",""feature_description"":""populated place""},""proposed_type_hints"":[""locality"",""town"",""village""],""source"":""geonames"",""source_native_id"":""989223"",""source_record_id"":""sr:geonames:989223""},{""classification"":{""designation"":""PPL"",""feature_class"":""P"",""language"":null,""name_rank"":""1"",""script"":null,""ufi"":""-1245823"",""uni"":""-1818785""},""proposed_type_hints"":[""locality"",""town"",""village""],""source"":""nga_gns"",""source_native_id"":""-1245823:-1818785:71908"",""source_record_id"":""sr:nga_gns:-1245823:-1818785:71908""}],""source_record_ids"":[""sr:geonames:989223"",""sr:nga_gns:-1245823:-1818785:71908""],""sources"":[""geonames"",""nga_gns""]}","[""CC_BY_4"",""NO_RESTRICTION_GNS""]",PERMISSIVE_OR_ATTRIBUTION_ONLY,False,True,"[""inside_admin_code_conflict""]","{""close_same_context"":false,""close_same_context_pairs"":[],""duplicate_name_action"":""preserve_separate"",""normalized_name_group_candidate_ids"":[""pl-gp-v01-02baee7bfa3a586c6803"",""pl-gp-v01-57222c7527d8012ffa40"",""pl-gp-v01-8ed89da2e1533fc93a7f""],""normalized_name_group_size"":3}",False,"[""point is inside Gauteng but source administrative coding conflicts and independent identity support is weak""]",True,point is inside Gauteng but source administrative coding conflicts and independent identity support is weak,"[""administrative_context""]",[],-25.440922,28.0281405,boundary_admin_identity
pl-gp-v01-09e504bc0badd1ae411a,Eagle Canyon Golf Estate,eagle canyon golf estate,neighbourhood,founder_review_required,requires_founder_review,"{""class"":""multi_source_contextual_match"",""confidence"":""moderate"",""direct_cross_identifier"":false,""exact_contextual"":true,""fuzzy_proposals_withheld"":0,""match_methods"":{""exact_contextual"":1},""match_statuses"":{""ambiguous"":2},""not_based_on_name_equality_alone"":true,""robust"":true,""very_strong"":false}","{""geonames_feature_classes"":{""P"":1},""geonames_feature_codes"":{""PPLX"":1},""osm_alias_tags"":{""alt_name"":1},""osm_identifier_tags"":{},""osm_landuse_values"":[""residential""],""osm_place_values"":[""neighbourhood""],""osm_residential_values"":[""gated""],""source_count"":2,""source_native_types"":[{""classification"":{""country_code"":""ZA"",""feature_class"":""P"",""feature_code"":""PPLX"",""feature_description"":""section of populated place""},""proposed_type_hints"":[""locality"",""neighbourhood""],""source"":""geonames"",""source_native_id"":""8063424"",""source_record_id"":""sr:geonames:8063424""},{""classification"":{""admin_level"":null,""boundary"":null,""element_type"":""node"",""landuse"":""residential"",""place"":""neighbourhood"",""residential"":""gated""},""proposed_type_hints"":[""neighbourhood"",""osm_place""],""source"":""osm"",""source_native_id"":""node/60276836"",""source_record_id"":""sr:osm:node/60276836""}],""source_record_ids"":[""sr:geonames:8063424"",""sr:osm:node/60276836""],""sources"":[""geonames"",""osm""]}","[""CC_BY_4"",""ODBL_1""]",MIXED_INCLUDES_ODBL,True,False,[],"{""close_same_context"":true,""close_same_context_pairs"":[{""candidate_location_id_a"":""pl-gp-v01-09e504bc0badd1ae411a"",""candidate_location_id_b"":""pl-gp-v01-c1442fdb2554b72b77ef"",""distance_km"":0.364}],""duplicate_name_action"":""identity_collision_review"",""normalized_name_group_candidate_ids"":[""pl-gp-v01-09e504bc0badd1ae411a"",""pl-gp-v01-c1442fdb2554b72b77ef""],""normalized_name_group_size"":2}",False,"[""same normalized name has source objects within 500 m in the same administrative context; identity collision must be resolved""]",True,same normalized name has source objects within 500 m in the same administrative context; identity collision must be resolved,"[""candidate_type"",""independent_identity_vs_duplicate_source_object""]",[],-26.0866839,27.918663549999998,ambiguous_identity_or_duplicate
pl-gp-v01-195a06a3086c61ce3c09,Claudius,claudius,suburb,founder_review_required,requires_founder_review,"{""class"":""OSM_place_single_source"",""confidence"":""moderate"",""direct_cross_identifier"":false,""exact_contextual"":false,""fuzzy_proposals_withheld"":0,""match_methods"":{},""match_statuses"":{""ambiguous"":1},""not_based_on_name_equality_alone"":true,""robust"":false,""very_strong"":false}","{""geonames_feature_classes"":{},""geonames_feature_codes"":{},""osm_alias_tags"":{},""osm_identifier_tags"":{},""osm_landuse_values"":[],""osm_place_values"":[""suburb""],""osm_residential_values"":[],""source_count"":1,""source_native_types"":[{""classification"":{""admin_level"":null,""boundary"":null,""element_type"":""node"",""landuse"":null,""place"":""suburb"",""residential"":null},""proposed_type_hints"":[""osm_place"",""suburb""],""source"":""osm"",""source_native_id"":""node/36164552"",""source_record_id"":""sr:osm:node/36164552""}],""source_record_ids"":[""sr:osm:node/36164552""],""sources"":[""osm""]}","[""ODBL_1""]",ODBL_ONLY,True,False,[],"{""close_same_context"":true,""close_same_context_pairs"":[{""candidate_location_id_a"":""pl-gp-v01-195a06a3086c61ce3c09"",""candidate_location_id_b"":""pl-gp-v01-3f9f92576089bbe6543a"",""distance_km"":0.11}],""duplicate_name_action"":""identity_collision_review"",""normalized_name_group_candidate_ids"":[""pl-gp-v01-195a06a3086c61ce3c09"",""pl-gp-v01-3f9f92576089bbe6543a""],""normalized_name_group_size"":2}",True,"[""same normalized name has source objects within 500 m in the same administrative context; identity collision must be resolved""]",True,same normalized name has source objects within 500 m in the same administrative context; identity collision must be resolved,"[""independent_identity_vs_duplicate_source_object""]",[],-25.7944444,28.1122222,ambiguous_identity_or_duplicate
pl-gp-v01-1f8f40faa0497e5240fc,Kruisfontein,kruisfontein,town,founder_review_required,requires_founder_review,"{""class"":""multi_source_contextual_match"",""confidence"":""moderate"",""direct_cross_identifier"":false,""exact_contextual"":true,""fuzzy_proposals_withheld"":0,""match_methods"":{""exact_contextual"":7},""match_statuses"":{""conflict"":2,""high_confidence"":4},""not_based_on_name_equality_alone"":true,""robust"":true,""very_strong"":false}","{""geonames_feature_classes"":{""P"":1,""S"":2},""geonames_feature_codes"":{""FRM"":2,""PPL"":1},""osm_alias_tags"":{},""osm_identifier_tags"":{},""osm_landuse_values"":[],""osm_place_values"":[],""osm_residential_values"":[],""source_count"":2,""source_native_types"":[{""classification"":{""country_code"":""ZA"",""feature_class"":""P"",""feature_code"":""PPL"",""feature_description"":""populated place""},""proposed_type_hints"":[""locality"",""town"",""village""],""source"":""geonames"",""source_native_id"":""986721"",""source_record_id"":""sr:geonames:986721""},{""classification"":{""country_code"":""ZA"",""feature_class"":""S"",""feature_code"":""FRM"",""feature_description"":""farm""},""proposed_type_hints"":[""other""],""source"":""geonames"",""source_native_id"":""986737"",""source_record_id"":""sr:geonames:986737""},{""classification"":{""country_code"":""ZA"",""feature_class"":""S"",""feature_code"":""FRM"",""feature_description"":""farm""},""proposed_type_hints"":[""other""],""source"":""geonames"",""source_native_id"":""986738"",""source_record_id"":""sr:geonames:986738""},{""classification"":{""designation"":""FRM"",""feature_class"":""S"",""language"":null,""name_rank"":""1"",""script"":null,""ufi"":""-1248827"",""uni"":""-1822379""},""proposed_type_hints"":[""other""],""source"":""nga_gns"",""source_native_id"":""-1248827:-1822379:67008"",""source_record_id"":""sr:nga_gns:-1248827:-1822379:67008""},{""classification"":{""designation"":""FRM"",""feature_class"":""S"",""language"":null,""name_rank"":""1"",""script"":null,""ufi"":""-1248828"",""uni"":""-1822380""},""proposed_type_hints"":[""other""],""source"":""nga_gns"",""source_native_id"":""-1248828:-1822380:65251"",""source_record_id"":""sr:nga_gns:-1248828:-1822380:65251""},{""classification"":{""designation"":""PPL"",""feature_class"":""P"",""language"":null,""name_rank"":""1"",""script"":null,""ufi"":""-1248845"",""uni"":""-1822398""},""proposed_type_hints"":[""locality"",""town"",""village""],""source"":""nga_gns"",""source_native_id"":""-1248845:-1822398:65074"",""source_record_id"":""sr:nga_gns:-1248845:-1822398:65074""}],""source_record_ids"":[""sr:geonames:986721"",""sr:geonames:986737"",""sr:geonames:986738"",""sr:nga_gns:-1248827:-1822379:67008"",""sr:nga_gns:-1248828:-1822380:65251"",""sr:nga_gns:-1248845:-1822398:65074""],""sources"":[""geonames"",""nga_gns""]}","[""CC_BY_4"",""NO_RESTRICTION_GNS""]",PERMISSIVE_OR_ATTRIBUTION_ONLY,False,True,"[""inside_admin_code_conflict""]","{""close_same_context"":false,""close_same_context_pairs"":[],""duplicate_name_action"":""not_applicable"",""normalized_name_group_candidate_ids"":[""pl-gp-v01-1f8f40faa0497e5240fc""],""normalized_name_group_size"":1}",False,"[""point is inside Gauteng but source administrative coding conflicts and independent identity support is weak""]",True,point is inside Gauteng but source administrative coding conflicts and independent identity support is weak,"[""administrative_context""]",[],-25.55,28.0833315,boundary_admin_identity
pl-gp-v01-22bf93f3592f8a9c9c4b,Meadowlands East,meadowlands east,suburb,founder_review_required,requires_founder_review,"{""class"":""OSM_place_single_source"",""confidence"":""moderate"",""direct_cross_identifier"":false,""exact_contextual"":false,""fuzzy_proposals_withheld"":0,""match_methods"":{},""match_statuses"":{""ambiguous"":1},""not_based_on_name_equality_alone"":true,""robust"":false,""very_strong"":false}","{""geonames_feature_classes"":{},""geonames_feature_codes"":{},""osm_alias_tags"":{},""osm_identifier_tags"":{},""osm_landuse_values"":[],""osm_place_values"":[""suburb""],""osm_residential_values"":[],""source_count"":1,""source_native_types"":[{""classification"":{""admin_level"":null,""boundary"":null,""element_type"":""node"",""landuse"":null,""place"":""suburb"",""residential"":null},""proposed_type_hints"":[""osm_place"",""suburb""],""source"":""osm"",""source_native_id"":""node/5830458853"",""source_record_id"":""sr:osm:node/5830458853""}],""source_record_ids"":[""sr:osm:node/5830458853""],""sources"":[""osm""]}","[""ODBL_1""]",ODBL_ONLY,True,False,[],"{""close_same_context"":true,""close_same_context_pairs"":[{""candidate_location_id_a"":""pl-gp-v01-22bf93f3592f8a9c9c4b"",""candidate_location_id_b"":""pl-gp-v01-bb3c51d1199b51b8d155"",""distance_km"":0.427}],""duplicate_name_action"":""identity_collision_review"",""normalized_name_group_candidate_ids"":[""pl-gp-v01-22bf93f3592f8a9c9c4b"",""pl-gp-v01-bb3c51d1199b51b8d155""],""normalized_name_group_size"":2}",True,"[""same normalized name has source objects within 500 m in the same administrative context; identity collision must be resolved""]",True,same normalized name has source objects within 500 m in the same administrative context; identity collision must be resolved,"[""independent_identity_vs_duplicate_source_object""]",[],-26.22078,27.8994467,ambiguous_identity_or_duplicate
pl-gp-v01-28a23a6ce0b62338bcdb,Leachville,leachville,suburb,founder_review_required,requires_founder_review,"{""class"":""OSM_place_single_source"",""confidence"":""moderate"",""direct_cross_identifier"":false,""exact_contextual"":false,""fuzzy_proposals_withheld"":0,""match_methods"":{},""match_statuses"":{""ambiguous"":1},""not_based_on_name_equality_alone"":true,""robust"":false,""very_strong"":false}","{""geonames_feature_classes"":{},""geonames_feature_codes"":{},""osm_alias_tags"":{},""osm_identifier_tags"":{},""osm_landuse_values"":[],""osm_place_values"":[""suburb""],""osm_residential_values"":[],""source_count"":1,""source_native_types"":[{""classification"":{""admin_level"":null,""boundary"":null,""element_type"":""node"",""landuse"":null,""place"":""suburb"",""residential"":null},""proposed_type_hints"":[""osm_place"",""suburb""],""source"":""osm"",""source_native_id"":""node/262708490"",""source_record_id"":""sr:osm:node/262708490""}],""source_record_ids"":[""sr:osm:node/262708490""],""sources"":[""osm""]}","[""ODBL_1""]",ODBL_ONLY,True,False,[],"{""close_same_context"":true,""close_same_context_pairs"":[{""candidate_location_id_a"":""pl-gp-v01-28a23a6ce0b62338bcdb"",""candidate_location_id_b"":""pl-gp-v01-df959cb5446d21c9b97c"",""distance_km"":0.049}],""duplicate_name_action"":""identity_collision_review"",""normalized_name_group_candidate_ids"":[""pl-gp-v01-28a23a6ce0b62338bcdb"",""pl-gp-v01-df959cb5446d21c9b97c""],""normalized_name_group_size"":2}",True,"[""same normalized name has source objects within 500 m in the same administrative context; identity collision must be resolved""]",True,same normalized name has source objects within 500 m in the same administrative context; identity collision must be resolved,"[""independent_identity_vs_duplicate_source_object""]",[],-26.2316667,28.3344444,ambiguous_identity_or_duplicate
pl-gp-v01-291cc8f92a238f80f336,Boekenhoutfontein,boekenhoutfontein,town,founder_review_required,requires_founder_review,"{""class"":""multi_source_contextual_match"",""confidence"":""moderate"",""direct_cross_identifier"":false,""exact_contextual"":true,""fuzzy_proposals_withheld"":1,""match_methods"":{""exact_contextual"":1},""match_statuses"":{""ambiguous"":1,""conflict"":1,""proposed"":1},""not_based_on_name_equality_alone"":true,""robust"":true,""very_strong"":false}","{""geonames_feature_classes"":{""P"":1},""geonames_feature_codes"":{""PPL"":1},""osm_alias_tags"":{},""osm_identifier_tags"":{},""osm_landuse_values"":[],""osm_place_values"":[],""osm_residential_values"":[],""source_count"":2,""source_native_types"":[{""classification"":{""country_code"":""ZA"",""feature_class"":""P"",""feature_code"":""PPL"",""feature_description"":""populated place""},""proposed_type_hints"":[""locality"",""town"",""village""],""source"":""geonames"",""source_native_id"":""1018100"",""source_record_id"":""sr:geonames:1018100""},{""classification"":{""designation"":""PPL"",""feature_class"":""P"",""language"":null,""name_rank"":""1"",""script"":null,""ufi"":""-1212587"",""uni"":""-1779680""},""proposed_type_hints"":[""locality"",""town"",""village""],""source"":""nga_gns"",""source_native_id"":""-1212587:-1779680:106664"",""source_record_id"":""sr:nga_gns:-1212587:-1779680:106664""}],""source_record_ids"":[""sr:geonames:1018100"",""sr:nga_gns:-1212587:-1779680:106664""],""sources"":[""geonames"",""nga_gns""]}","[""CC_BY_4"",""NO_RESTRICTION_GNS""]",PERMISSIVE_OR_ATTRIBUTION_ONLY,False,True,"[""inside_admin_code_conflict""]","{""close_same_context"":false,""close_same_context_pairs"":[],""duplicate_name_action"":""preserve_separate"",""normalized_name_group_candidate_ids"":[""pl-gp-v01-291cc8f92a238f80f336"",""pl-gp-v01-b3af21b267c8fc08148a""],""normalized_name_group_size"":2}",False,"[""point is inside Gauteng but source administrative coding conflicts and independent identity support is weak""]",True,point is inside Gauteng but source administrative coding conflicts and independent identity support is weak,"[""administrative_context""]",[],-25.540988,28.078557500000002,boundary_admin_identity
pl-gp-v01-2ccf257a9ea9ba452f24,Mimosa Park Inn,mimosa park inn,town,founder_review_required,requires_founder_review,"{""class"":""multi_source_contextual_match"",""confidence"":""moderate"",""direct_cross_identifier"":false,""exact_contextual"":true,""fuzzy_proposals_withheld"":0,""match_methods"":{""exact_contextual"":1},""match_statuses"":{""conflict"":1,""high_confidence"":1},""not_based_on_name_equality_alone"":true,""robust"":true,""very_strong"":false}","{""geonames_feature_classes"":{""P"":1},""geonames_feature_codes"":{""PPL"":1},""osm_alias_tags"":{},""osm_identifier_tags"":{},""osm_landuse_values"":[],""osm_place_values"":[],""osm_residential_values"":[],""source_count"":2,""source_native_types"":[{""classification"":{""country_code"":""ZA"",""feature_class"":""P"",""feature_code"":""PPL"",""feature_description"":""populated place""},""proposed_type_hints"":[""locality"",""town"",""village""],""source"":""geonames"",""source_native_id"":""975800"",""source_record_id"":""sr:geonames:975800""},{""classification"":{""designation"":""PPL"",""feature_class"":""P"",""language"":null,""name_rank"":""1"",""script"":null,""ufi"":""-1260701"",""uni"":""-1836421""},""proposed_type_hints"":[""locality"",""town"",""village""],""source"":""nga_gns"",""source_native_id"":""-1260701:-1836421:54123"",""source_record_id"":""sr:nga_gns:-1260701:-1836421:54123""}],""source_record_ids"":[""sr:geonames:975800"",""sr:nga_gns:-1260701:-1836421:54123""],""sources"":[""geonames"",""nga_gns""]}","[""CC_BY_4"",""NO_RESTRICTION_GNS""]",PERMISSIVE_OR_ATTRIBUTION_ONLY,False,True,"[""inside_admin_code_conflict""]","{""close_same_context"":false,""close_same_context_pairs"":[],""duplicate_name_action"":""not_applicable"",""normalized_name_group_candidate_ids"":[""pl-gp-v01-2ccf257a9ea9ba452f24""],""normalized_name_group_size"":1}",False,"[""point is inside Gauteng but source administrative coding conflicts and independent identity support is weak""]",True,point is inside Gauteng but source administrative coding conflicts and independent identity support is weak,"[""administrative_context""]",[],-26.5584695,27.283748000000003,boundary_admin_identity
pl-gp-v01-2fad4c8097c15027f8ec,Midstream Estate,midstream estate,suburb,founder_review_required,requires_founder_review,"{""class"":""OSM_place_single_source"",""confidence"":""moderate"",""direct_cross_identifier"":false,""exact_contextual"":false,""fuzzy_proposals_withheld"":0,""match_methods"":{},""match_statuses"":{""ambiguous"":1},""not_based_on_name_equality_alone"":true,""robust"":false,""very_strong"":false}","{""geonames_feature_classes"":{},""geonames_feature_codes"":{},""osm_alias_tags"":{},""osm_identifier_tags"":{},""osm_landuse_values"":[""residential""],""osm_place_values"":[""suburb""],""osm_residential_values"":[],""source_count"":1,""source_native_types"":[{""classification"":{""admin_level"":null,""boundary"":null,""element_type"":""way"",""landuse"":""residential"",""place"":""suburb"",""residential"":null},""proposed_type_hints"":[""osm_place"",""suburb""],""source"":""osm"",""source_native_id"":""way/72865241"",""source_record_id"":""sr:osm:way/72865241""}],""source_record_ids"":[""sr:osm:way/72865241""],""sources"":[""osm""]}","[""ODBL_1""]",ODBL_ONLY,True,False,[],"{""close_same_context"":true,""close_same_context_pairs"":[{""candidate_location_id_a"":""pl-gp-v01-2fad4c8097c15027f8ec"",""candidate_location_id_b"":""pl-gp-v01-ebc58f0311d83f8648cb"",""distance_km"":0.13}],""duplicate_name_action"":""identity_collision_review"",""normalized_name_group_candidate_ids"":[""pl-gp-v01-2fad4c8097c15027f8ec"",""pl-gp-v01-ebc58f0311d83f8648cb""],""normalized_name_group_size"":2}",True,"[""same normalized name has source objects within 500 m in the same administrative context; identity collision must be resolved""]",True,same normalized name has source objects within 500 m in the same administrative context; identity collision must be resolved,"[""independent_identity_vs_duplicate_source_object""]",[],-25.91053145,28.194483635732382,ambiguous_identity_or_duplicate
pl-gp-v01-30ed69a810928e5d467e,Golden Fields Estate,golden fields estate,village,founder_review_required,requires_founder_review,"{""class"":""OSM_place_single_source"",""confidence"":""moderate"",""direct_cross_identifier"":false,""exact_contextual"":false,""fuzzy_proposals_withheld"":0,""match_methods"":{},""match_statuses"":{""ambiguous"":1},""not_based_on_name_equality_alone"":true,""robust"":false,""very_strong"":false}","{""geonames_feature_classes"":{},""geonames_feature_codes"":{},""osm_alias_tags"":{},""osm_identifier_tags"":{},""osm_landuse_values"":[],""osm_place_values"":[""village""],""osm_residential_values"":[],""source_count"":1,""source_native_types"":[{""classification"":{""admin_level"":null,""boundary"":null,""element_type"":""node"",""landuse"":null,""place"":""village"",""residential"":null},""proposed_type_hints"":[""osm_place"",""village""],""source"":""osm"",""source_native_id"":""node/10765410541"",""source_record_id"":""sr:osm:node/10765410541""}],""source_record_ids"":[""sr:osm:node/10765410541""],""sources"":[""osm""]}","[""ODBL_1""]",ODBL_ONLY,True,False,[],"{""close_same_context"":true,""close_same_context_pairs"":[{""candidate_location_id_a"":""pl-gp-v01-30ed69a810928e5d467e"",""candidate_location_id_b"":""pl-gp-v01-ced9a309dfc5a5749390"",""distance_km"":0.158}],""duplicate_name_action"":""identity_collision_review"",""normalized_name_group_candidate_ids"":[""pl-gp-v01-30ed69a810928e5d467e"",""pl-gp-v01-ced9a309dfc5a5749390""],""normalized_name_group_size"":2}",True,"[""same normalized name has source objects within 500 m in the same administrative context; identity collision must be resolved""]",True,same normalized name has source objects within 500 m in the same administrative context; identity collision must be resolved,"[""independent_identity_vs_duplicate_source_object""]",[],-25.9080004,28.1690708,ambiguous_identity_or_duplicate
pl-gp-v01-31341ee9ee5eff570d5f,Equestria Estate,equestria estate,estate/residential_development_candidate,founder_review_required,requires_founder_review,"{""class"":""direct_cross_identifier"",""confidence"":""high"",""direct_cross_identifier"":true,""exact_contextual"":false,""fuzzy_proposals_withheld"":0,""match_methods"":{""direct_cross_identifier"":1},""match_statuses"":{""deterministic"":2},""not_based_on_name_equality_alone"":true,""robust"":true,""very_strong"":true}","{""geonames_feature_classes"":{},""geonames_feature_codes"":{},""osm_alias_tags"":{},""osm_identifier_tags"":{""wikidata"":1,""wikipedia"":1},""osm_landuse_values"":[""residential""],""osm_place_values"":[],""osm_residential_values"":[],""source_count"":2,""source_native_types"":[{""classification"":{""admin_level"":null,""boundary"":null,""element_type"":""way"",""landuse"":""residential"",""place"":null,""residential"":null},""proposed_type_hints"":[""estate/residential_development_candidate"",""named_residential_development_candidate""],""source"":""osm"",""source_native_id"":""way/446170453"",""source_record_id"":""sr:osm:way/446170453""},{""classification"":{""description"":[""place in Gauteng, South Africa""],""instance_of"":[""http://www.wikidata.org/entity/Q188509"",""http://www.wikidata.org/entity/Q486972""]},""proposed_type_hints"":[""locality""],""source"":""wikidata"",""source_native_id"":""Q60764247"",""source_record_id"":""sr:wikidata:Q60764247""}],""source_record_ids"":[""sr:osm:way/446170453"",""sr:wikidata:Q60764247""],""sources"":[""osm"",""wikidata""]}","[""CC0"",""ODBL_1""]",MIXED_INCLUDES_ODBL,True,False,[],"{""close_same_context"":false,""close_same_context_pairs"":[],""duplicate_name_action"":""not_applicable"",""normalized_name_group_candidate_ids"":[""pl-gp-v01-31341ee9ee5eff570d5f""],""normalized_name_group_size"":1}",False,"[""estate/development identity is corroborated but promotion of this product-specific class requires explicit review""]",True,estate/development identity is corroborated but promotion of this product-specific class requires explicit review,"[""candidate_type"",""estate_or_development_product_class""]",[],-25.7872896,28.30611977821723,estate_or_development_promotion
pl-gp-v01-3e17179752450e0674ab,Tweefontein,tweefontein,estate/residential_development_candidate,founder_review_required,requires_founder_review,"{""class"":""three_or_more_source_contextual_match"",""confidence"":""high"",""direct_cross_identifier"":false,""exact_contextual"":true,""fuzzy_proposals_withheld"":6,""match_methods"":{""exact_contextual"":3},""match_statuses"":{""ambiguous"":3,""proposed"":6},""not_based_on_name_equality_alone"":true,""robust"":true,""very_strong"":true}","{""geonames_feature_classes"":{""S"":1},""geonames_feature_codes"":{""FRM"":1},""osm_alias_tags"":{},""osm_identifier_tags"":{},""osm_landuse_values"":[""residential""],""osm_place_values"":[],""osm_residential_values"":[],""source_count"":3,""source_native_types"":[{""classification"":{""country_code"":""ZA"",""feature_class"":""S"",""feature_code"":""FRM"",""feature_description"":""farm""},""proposed_type_hints"":[""other""],""source"":""geonames"",""source_native_id"":""947392"",""source_record_id"":""sr:geonames:947392""},{""classification"":{""designation"":""FRM"",""feature_class"":""S"",""language"":null,""name_rank"":""1"",""script"":null,""ufi"":""-1292862"",""uni"":""-1874200""},""proposed_type_hints"":[""other""],""source"":""nga_gns"",""source_native_id"":""-1292862:-1874200:16107"",""source_record_id"":""sr:nga_gns:-1292862:-1874200:16107""},{""classification"":{""admin_level"":null,""boundary"":null,""element_type"":""way"",""landuse"":""residential"",""place"":null,""residential"":null},""proposed_type_hints"":[""estate/residential_development_candidate"",""named_residential_development_candidate""],""source"":""osm"",""source_native_id"":""way/1295839038"",""source_record_id"":""sr:osm:way/1295839038""}],""source_record_ids"":[""sr:geonames:947392"",""sr:nga_gns:-1292862:-1874200:16107"",""sr:osm:way/1295839038""],""sources"":[""geonames"",""nga_gns"",""osm""]}","[""CC_BY_4"",""NO_RESTRICTION_GNS"",""ODBL_1""]",MIXED_INCLUDES_ODBL,True,False,[],"{""close_same_context"":false,""close_same_context_pairs"":[],""duplicate_name_action"":""preserve_separate"",""normalized_name_group_candidate_ids"":[""pl-gp-v01-0d70aad4027a66b35e40"",""pl-gp-v01-170d3ff229ff544049b6"",""pl-gp-v01-3e17179752450e0674ab"",""pl-gp-v01-6256026033916a502e3c"",""pl-gp-v01-78a0e134e89863d8cf6e"",""pl-gp-v01-8fc7cce5c791adc40375"",""pl-gp-v01-a5d95a906468c7ea3a58"",""pl-gp-v01-b8209cce1f7d3a9bb614"",""pl-gp-v01-f6bcc2c0cbee1c435589""],""normalized_name_group_size"":9}",False,"[""estate/development identity is corroborated but promotion of this product-specific class requires explicit review""]",True,estate/development identity is corroborated but promotion of this product-specific class requires explicit review,"[""estate_or_development_product_class""]",[],-25.79484,28.342,estate_or_development_promotion
pl-gp-v01-3f1f181735005aab64a6,Richmond,richmond,suburb,founder_review_required,requires_founder_review,"{""class"":""OSM_place_single_source"",""confidence"":""moderate"",""direct_cross_identifier"":false,""exact_contextual"":false,""fuzzy_proposals_withheld"":0,""match_methods"":{},""match_statuses"":{""ambiguous"":1},""not_based_on_name_equality_alone"":true,""robust"":false,""very_strong"":false}","{""geonames_feature_classes"":{},""geonames_feature_codes"":{},""osm_alias_tags"":{},""osm_identifier_tags"":{},""osm_landuse_values"":[],""osm_place_values"":[""suburb""],""osm_residential_values"":[],""source_count"":1,""source_native_types"":[{""classification"":{""admin_level"":null,""boundary"":null,""element_type"":""node"",""landuse"":null,""place"":""suburb"",""residential"":null},""proposed_type_hints"":[""osm_place"",""suburb""],""source"":""osm"",""source_native_id"":""node/262715297"",""source_record_id"":""sr:osm:node/262715297""}],""source_record_ids"":[""sr:osm:node/262715297""],""sources"":[""osm""]}","[""ODBL_1""]",ODBL_ONLY,True,False,[],"{""close_same_context"":true,""close_same_context_pairs"":[{""candidate_location_id_a"":""pl-gp-v01-3f1f181735005aab64a6"",""candidate_location_id_b"":""pl-gp-v01-e7972062766a0f7edf50"",""distance_km"":0.118}],""duplicate_name_action"":""identity_collision_review"",""normalized_name_group_candidate_ids"":[""pl-gp-v01-3f1f181735005aab64a6"",""pl-gp-v01-e7972062766a0f7edf50""],""normalized_name_group_size"":2}",True,"[""same normalized name has source objects within 500 m in the same administrative context; identity collision must be resolved""]",True,same normalized name has source objects within 500 m in the same administrative context; identity collision must be resolved,"[""independent_identity_vs_duplicate_source_object""]",[],-26.1816667,28.0161111,ambiguous_identity_or_duplicate
pl-gp-v01-4214791a88181e144669,Medunsa,medunsa,town,founder_review_required,requires_founder_review,"{""class"":""multi_source_contextual_match"",""confidence"":""moderate"",""direct_cross_identifier"":false,""exact_contextual"":true,""fuzzy_proposals_withheld"":0,""match_methods"":{""exact_contextual"":1},""match_statuses"":{""conflict"":1,""high_confidence"":1},""not_based_on_name_equality_alone"":true,""robust"":true,""very_strong"":false}","{""geonames_feature_classes"":{""P"":1},""geonames_feature_codes"":{""PPL"":1},""osm_alias_tags"":{},""osm_identifier_tags"":{},""osm_landuse_values"":[],""osm_place_values"":[],""osm_residential_values"":[],""source_count"":2,""source_native_types"":[{""classification"":{""country_code"":""ZA"",""feature_class"":""P"",""feature_code"":""PPL"",""feature_description"":""populated place""},""proposed_type_hints"":[""locality"",""town"",""village""],""source"":""geonames"",""source_native_id"":""1105761"",""source_record_id"":""sr:geonames:1105761""},{""classification"":{""designation"":""PPL"",""feature_class"":""P"",""language"":null,""name_rank"":""1"",""script"":null,""ufi"":""437017"",""uni"":""558810""},""proposed_type_hints"":[""locality"",""town"",""village""],""source"":""nga_gns"",""source_native_id"":""437017:558810:116961"",""source_record_id"":""sr:nga_gns:437017:558810:116961""}],""source_record_ids"":[""sr:geonames:1105761"",""sr:nga_gns:437017:558810:116961""],""sources"":[""geonames"",""nga_gns""]}","[""CC_BY_4"",""NO_RESTRICTION_GNS""]",PERMISSIVE_OR_ATTRIBUTION_ONLY,False,True,"[""inside_admin_code_conflict""]","{""close_same_context"":false,""close_same_context_pairs"":[],""duplicate_name_action"":""not_applicable"",""normalized_name_group_candidate_ids"":[""pl-gp-v01-4214791a88181e144669""],""normalized_name_group_size"":1}",False,"[""point is inside Gauteng but source administrative coding conflicts and independent identity support is weak""]",True,point is inside Gauteng but source administrative coding conflicts and independent identity support is weak,"[""administrative_context""]",[],-25.6188895,28.022779,boundary_admin_identity
pl-gp-v01-43d109a4091bf9c2044c,Sandton,sandton,town,candidate_only,candidate,"{""class"":""single_source_baseline"",""confidence"":""low"",""direct_cross_identifier"":false,""exact_contextual"":false,""fuzzy_proposals_withheld"":3,""match_methods"":{},""match_statuses"":{""ambiguous"":1,""proposed"":3},""not_based_on_name_equality_alone"":true,""robust"":false,""very_strong"":false}","{""geonames_feature_classes"":{},""geonames_feature_codes"":{},""osm_alias_tags"":{},""osm_identifier_tags"":{},""osm_landuse_values"":[],""osm_place_values"":[],""osm_residential_values"":[],""source_count"":1,""source_native_types"":[{""classification"":{""designation"":""PPLX"",""feature_class"":""P"",""language"":null,""name_rank"":""1"",""script"":null,""ufi"":""-1281128"",""uni"":""-1860445""},""proposed_type_hints"":[""locality"",""town"",""village""],""source"":""nga_gns"",""source_native_id"":""-1281128:-1860445:26296"",""source_record_id"":""sr:nga_gns:-1281128:-1860445:26296""}],""source_record_ids"":[""sr:nga_gns:-1281128:-1860445:26296""],""sources"":[""nga_gns""]}","[""NO_RESTRICTION_GNS""]",PERMISSIVE_OR_ATTRIBUTION_ONLY,False,False,[],"{""close_same_context"":false,""close_same_context_pairs"":[],""duplicate_name_action"":""preserve_separate"",""normalized_name_group_candidate_ids"":[""pl-gp-v01-418038409a1c0a00d9bc"",""pl-gp-v01-43d109a4091bf9c2044c""],""normalized_name_group_size"":2}",False,"[""evidence does not meet the independent identity threshold for factual canonical promotion""]",True,required property-search probe remains weak or non-independent,[],"[""Sandton""]",-26.05,27.966667,important_probe_weak_evidence
pl-gp-v01-4b69303d842a194b3650,Mooikloof,mooikloof,suburb,founder_review_required,requires_founder_review,"{""class"":""multi_source_contextual_match"",""confidence"":""moderate"",""direct_cross_identifier"":false,""exact_contextual"":true,""fuzzy_proposals_withheld"":0,""match_methods"":{""exact_contextual"":1},""match_statuses"":{""ambiguous"":2},""not_based_on_name_equality_alone"":true,""robust"":true,""very_strong"":false}","{""geonames_feature_classes"":{""P"":1},""geonames_feature_codes"":{""PPL"":1},""osm_alias_tags"":{},""osm_identifier_tags"":{},""osm_landuse_values"":[],""osm_place_values"":[""suburb""],""osm_residential_values"":[],""source_count"":2,""source_native_types"":[{""classification"":{""country_code"":""ZA"",""feature_class"":""P"",""feature_code"":""PPL"",""feature_description"":""populated place""},""proposed_type_hints"":[""locality"",""town"",""village""],""source"":""geonames"",""source_native_id"":""8063767"",""source_record_id"":""sr:geonames:8063767""},{""classification"":{""admin_level"":null,""boundary"":null,""element_type"":""node"",""landuse"":null,""place"":""suburb"",""residential"":null},""proposed_type_hints"":[""osm_place"",""suburb""],""source"":""osm"",""source_native_id"":""node/286523271"",""source_record_id"":""sr:osm:node/286523271""}],""source_record_ids"":[""sr:geonames:8063767"",""sr:osm:node/286523271""],""sources"":[""geonames"",""osm""]}","[""CC_BY_4"",""ODBL_1""]",MIXED_INCLUDES_ODBL,True,False,[],"{""close_same_context"":true,""close_same_context_pairs"":[{""candidate_location_id_a"":""pl-gp-v01-0b19246e4f8f95d63494"",""candidate_location_id_b"":""pl-gp-v01-4b69303d842a194b3650"",""distance_km"":0.37}],""duplicate_name_action"":""identity_collision_review"",""normalized_name_group_candidate_ids"":[""pl-gp-v01-0b19246e4f8f95d63494"",""pl-gp-v01-4b69303d842a194b3650""],""normalized_name_group_size"":2}",False,"[""same normalized name has source objects within 500 m in the same administrative context; identity collision must be resolved""]",True,same normalized name has source objects within 500 m in the same administrative context; identity collision must be resolved,"[""candidate_type"",""independent_identity_vs_duplicate_source_object""]",[],-25.84032145,28.3384015,ambiguous_identity_or_duplicate
pl-gp-v01-53ecd2695afa97eeb6aa,Finetown,finetown,suburb,founder_review_required,requires_founder_review,"{""class"":""OSM_place_single_source"",""confidence"":""moderate"",""direct_cross_identifier"":false,""exact_contextual"":false,""fuzzy_proposals_withheld"":0,""match_methods"":{},""match_statuses"":{""ambiguous"":1},""not_based_on_name_equality_alone"":true,""robust"":false,""very_strong"":false}","{""geonames_feature_classes"":{},""geonames_feature_codes"":{},""osm_alias_tags"":{},""osm_identifier_tags"":{},""osm_landuse_values"":[],""osm_place_values"":[""suburb""],""osm_residential_values"":[],""source_count"":1,""source_native_types"":[{""classification"":{""admin_level"":null,""boundary"":null,""element_type"":""node"",""landuse"":null,""place"":""suburb"",""residential"":null},""proposed_type_hints"":[""osm_place"",""suburb""],""source"":""osm"",""source_native_id"":""node/262706256"",""source_record_id"":""sr:osm:node/262706256""}],""source_record_ids"":[""sr:osm:node/262706256""],""sources"":[""osm""]}","[""ODBL_1""]",ODBL_ONLY,True,False,[],"{""close_same_context"":true,""close_same_context_pairs"":[{""candidate_location_id_a"":""pl-gp-v01-53ecd2695afa97eeb6aa"",""candidate_location_id_b"":""pl-gp-v01-a815b94ece73d2897696"",""distance_km"":0.073}],""duplicate_name_action"":""identity_collision_review"",""normalized_name_group_candidate_ids"":[""pl-gp-v01-53ecd2695afa97eeb6aa"",""pl-gp-v01-a815b94ece73d2897696""],""normalized_name_group_size"":2}",True,"[""same normalized name has source objects within 500 m in the same administrative context; identity collision must be resolved""]",True,same normalized name has source objects within 500 m in the same administrative context; identity collision must be resolved,"[""independent_identity_vs_duplicate_source_object""]",[],-26.415,27.8697222,ambiguous_identity_or_duplicate
pl-gp-v01-57153e3343c77aaa8792,Morula Sun,morula sun,town,founder_review_required,requires_founder_review,"{""class"":""multi_source_contextual_match"",""confidence"":""moderate"",""direct_cross_identifier"":false,""exact_contextual"":true,""fuzzy_proposals_withheld"":0,""match_methods"":{""exact_contextual"":1},""match_statuses"":{""conflict"":1,""high_confidence"":1},""not_based_on_name_equality_alone"":true,""robust"":true,""very_strong"":false}","{""geonames_feature_classes"":{""P"":1},""geonames_feature_codes"":{""PPL"":1},""osm_alias_tags"":{},""osm_identifier_tags"":{},""osm_landuse_values"":[],""osm_place_values"":[],""osm_residential_values"":[],""source_count"":2,""source_native_types"":[{""classification"":{""country_code"":""ZA"",""feature_class"":""P"",""feature_code"":""PPL"",""feature_description"":""populated place""},""proposed_type_hints"":[""locality"",""town"",""village""],""source"":""geonames"",""source_native_id"":""1105755"",""source_record_id"":""sr:geonames:1105755""},{""classification"":{""designation"":""PPL"",""feature_class"":""P"",""language"":null,""name_rank"":""1"",""script"":null,""ufi"":""437000"",""uni"":""558789""},""proposed_type_hints"":[""locality"",""town"",""village""],""source"":""nga_gns"",""source_native_id"":""437000:558789:116993"",""source_record_id"":""sr:nga_gns:437000:558789:116993""}],""source_record_ids"":[""sr:geonames:1105755"",""sr:nga_gns:437000:558789:116993""],""sources"":[""geonames"",""nga_gns""]}","[""CC_BY_4"",""NO_RESTRICTION_GNS""]",PERMISSIVE_OR_ATTRIBUTION_ONLY,False,True,"[""inside_admin_code_conflict""]","{""close_same_context"":false,""close_same_context_pairs"":[],""duplicate_name_action"":""not_applicable"",""normalized_name_group_candidate_ids"":[""pl-gp-v01-57153e3343c77aaa8792""],""normalized_name_group_size"":1}",False,"[""point is inside Gauteng but source administrative coding conflicts and independent identity support is weak""]",True,point is inside Gauteng but source administrative coding conflicts and independent identity support is weak,"[""administrative_context""]",[],-25.507779,28.038058,boundary_admin_identity
pl-gp-v01-575322ceb163d82c5e32,Soshanguve South,soshanguve south,neighbourhood,founder_review_required,requires_founder_review,"{""class"":""single_source_baseline"",""confidence"":""low"",""direct_cross_identifier"":false,""exact_contextual"":false,""fuzzy_proposals_withheld"":0,""match_methods"":{},""match_statuses"":{""conflict"":1},""not_based_on_name_equality_alone"":true,""robust"":false,""very_strong"":false}","{""geonames_feature_classes"":{""P"":1},""geonames_feature_codes"":{""PPLX"":1},""osm_alias_tags"":{},""osm_identifier_tags"":{},""osm_landuse_values"":[],""osm_place_values"":[],""osm_residential_values"":[],""source_count"":1,""source_native_types"":[{""classification"":{""country_code"":""ZA"",""feature_class"":""P"",""feature_code"":""PPLX"",""feature_description"":""section of populated place""},""proposed_type_hints"":[""locality"",""neighbourhood""],""source"":""geonames"",""source_native_id"":""11204536"",""source_record_id"":""sr:geonames:11204536""}],""source_record_ids"":[""sr:geonames:11204536""],""sources"":[""geonames""]}","[""CC_BY_4""]",PERMISSIVE_OR_ATTRIBUTION_ONLY,False,True,"[""inside_admin_code_conflict""]","{""close_same_context"":false,""close_same_context_pairs"":[],""duplicate_name_action"":""not_applicable"",""normalized_name_group_candidate_ids"":[""pl-gp-v01-575322ceb163d82c5e32""],""normalized_name_group_size"":1}",False,"[""point is inside Gauteng but source administrative coding conflicts and independent identity support is weak""]",True,point is inside Gauteng but source administrative coding conflicts and independent identity support is weak,"[""administrative_context""]",[],-25.57304,28.0308,boundary_admin_identity
pl-gp-v01-5d26ec75e34ac3e2b46a,Marl Bank River,marl bank river,town,founder_review_required,requires_founder_review,"{""class"":""multi_source_contextual_match"",""confidence"":""moderate"",""direct_cross_identifier"":false,""exact_contextual"":true,""fuzzy_proposals_withheld"":0,""match_methods"":{""exact_contextual"":1},""match_statuses"":{""conflict"":1,""high_confidence"":1},""not_based_on_name_equality_alone"":true,""robust"":true,""very_strong"":false}","{""geonames_feature_classes"":{""P"":1},""geonames_feature_codes"":{""PPL"":1},""osm_alias_tags"":{},""osm_identifier_tags"":{},""osm_landuse_values"":[],""osm_place_values"":[],""osm_residential_values"":[],""source_count"":2,""source_native_types"":[{""classification"":{""country_code"":""ZA"",""feature_class"":""P"",""feature_code"":""PPL"",""feature_description"":""populated place""},""proposed_type_hints"":[""locality"",""town"",""village""],""source"":""geonames"",""source_native_id"":""978752"",""source_record_id"":""sr:geonames:978752""},{""classification"":{""designation"":""PPL"",""feature_class"":""P"",""language"":null,""name_rank"":""1"",""script"":null,""ufi"":""-1257490"",""uni"":""-1832600""},""proposed_type_hints"":[""locality"",""town"",""village""],""source"":""nga_gns"",""source_native_id"":""-1257490:-1832600:56568"",""source_record_id"":""sr:nga_gns:-1257490:-1832600:56568""}],""source_record_ids"":[""sr:geonames:978752"",""sr:nga_gns:-1257490:-1832600:56568""],""sources"":[""geonames"",""nga_gns""]}","[""CC_BY_4"",""NO_RESTRICTION_GNS""]",PERMISSIVE_OR_ATTRIBUTION_ONLY,False,True,"[""inside_admin_code_conflict""]","{""close_same_context"":false,""close_same_context_pairs"":[],""duplicate_name_action"":""not_applicable"",""normalized_name_group_candidate_ids"":[""pl-gp-v01-5d26ec75e34ac3e2b46a""],""normalized_name_group_size"":1}",False,"[""point is inside Gauteng but source administrative coding conflicts and independent identity support is weak""]",True,point is inside Gauteng but source administrative coding conflicts and independent identity support is weak,"[""administrative_context""]",[],-26.791859000000002,27.763588,boundary_admin_identity
pl-gp-v01-5edf7c8af629d8f9fcfa,Waverley,waverley,estate/residential_development_candidate,founder_review_required,requires_founder_review,"{""class"":""direct_cross_identifier"",""confidence"":""high"",""direct_cross_identifier"":true,""exact_contextual"":false,""fuzzy_proposals_withheld"":0,""match_methods"":{""direct_cross_identifier"":1},""match_statuses"":{""ambiguous"":2},""not_based_on_name_equality_alone"":true,""robust"":true,""very_strong"":true}","{""geonames_feature_classes"":{},""geonames_feature_codes"":{},""osm_alias_tags"":{},""osm_identifier_tags"":{""wikidata"":1,""wikipedia"":1},""osm_landuse_values"":[""residential""],""osm_place_values"":[],""osm_residential_values"":[],""source_count"":2,""source_native_types"":[{""classification"":{""admin_level"":null,""boundary"":null,""element_type"":""way"",""landuse"":""residential"",""place"":null,""residential"":null},""proposed_type_hints"":[""estate/residential_development_candidate"",""named_residential_development_candidate""],""source"":""osm"",""source_native_id"":""way/368677528"",""source_record_id"":""sr:osm:way/368677528""},{""classification"":{""description"":[""place in Gauteng, South Africa""],""instance_of"":[""http://www.wikidata.org/entity/Q188509"",""http://www.wikidata.org/entity/Q15642541""]},""proposed_type_hints"":[""other""],""source"":""wikidata"",""source_native_id"":""Q32148209"",""source_record_id"":""sr:wikidata:Q32148209""}],""source_record_ids"":[""sr:osm:way/368677528"",""sr:wikidata:Q32148209""],""sources"":[""osm"",""wikidata""]}","[""CC0"",""ODBL_1""]",MIXED_INCLUDES_ODBL,True,False,[],"{""close_same_context"":true,""close_same_context_pairs"":[{""candidate_location_id_a"":""pl-gp-v01-5edf7c8af629d8f9fcfa"",""candidate_location_id_b"":""pl-gp-v01-ad70875e6050d4d23a11"",""distance_km"":0.417}],""duplicate_name_action"":""identity_collision_review"",""normalized_name_group_candidate_ids"":[""pl-gp-v01-583027856aed313c046c"",""pl-gp-v01-5edf7c8af629d8f9fcfa"",""pl-gp-v01-ad70875e6050d4d23a11""],""normalized_name_group_size"":3}",False,"[""same normalized name has source objects within 500 m in the same administrative context; identity collision must be resolved""]",True,same normalized name has source objects within 500 m in the same administrative context; identity collision must be resolved,"[""estate_or_development_product_class"",""independent_identity_vs_duplicate_source_object""]",[],-25.698546200000003,28.25931963330794,ambiguous_identity_or_duplicate
pl-gp-v01-683329ab6bd03d66f91f,Valeriedene,valeriedene,suburb,founder_review_required,requires_founder_review,"{""class"":""OSM_place_single_source"",""confidence"":""moderate"",""direct_cross_identifier"":false,""exact_contextual"":false,""fuzzy_proposals_withheld"":0,""match_methods"":{},""match_statuses"":{""ambiguous"":1},""not_based_on_name_equality_alone"":true,""robust"":false,""very_strong"":false}","{""geonames_feature_classes"":{},""geonames_feature_codes"":{},""osm_alias_tags"":{},""osm_identifier_tags"":{},""osm_landuse_values"":[],""osm_place_values"":[""suburb""],""osm_residential_values"":[],""source_count"":1,""source_native_types"":[{""classification"":{""admin_level"":null,""boundary"":null,""element_type"":""way"",""landuse"":null,""place"":""suburb"",""residential"":null},""proposed_type_hints"":[""osm_place"",""suburb""],""source"":""osm"",""source_native_id"":""way/1534365741"",""source_record_id"":""sr:osm:way/1534365741""}],""source_record_ids"":[""sr:osm:way/1534365741""],""sources"":[""osm""]}","[""ODBL_1""]",ODBL_ONLY,True,False,[],"{""close_same_context"":true,""close_same_context_pairs"":[{""candidate_location_id_a"":""pl-gp-v01-683329ab6bd03d66f91f"",""candidate_location_id_b"":""pl-gp-v01-96453da361a2a4ff6bd9"",""distance_km"":0.466}],""duplicate_name_action"":""identity_collision_review"",""normalized_name_group_candidate_ids"":[""pl-gp-v01-683329ab6bd03d66f91f"",""pl-gp-v01-96453da361a2a4ff6bd9""],""normalized_name_group_size"":2}",True,"[""same normalized name has source objects within 500 m in the same administrative context; identity collision must be resolved""]",True,same normalized name has source objects within 500 m in the same administrative context; identity collision must be resolved,"[""independent_identity_vs_duplicate_source_object""]",[],-26.14898895,27.954761607206958,ambiguous_identity_or_duplicate
pl-gp-v01-746355e341e2d43d707b,Centurion Golf Estate,centurion golf estate,suburb,founder_review_required,requires_founder_review,"{""class"":""OSM_place_single_source"",""confidence"":""moderate"",""direct_cross_identifier"":false,""exact_contextual"":false,""fuzzy_proposals_withheld"":0,""match_methods"":{},""match_statuses"":{""ambiguous"":1},""not_based_on_name_equality_alone"":true,""robust"":false,""very_strong"":false}","{""geonames_feature_classes"":{},""geonames_feature_codes"":{},""osm_alias_tags"":{},""osm_identifier_tags"":{},""osm_landuse_values"":[],""osm_place_values"":[""suburb""],""osm_residential_values"":[],""source_count"":1,""source_native_types"":[{""classification"":{""admin_level"":null,""boundary"":null,""element_type"":""node"",""landuse"":null,""place"":""suburb"",""residential"":null},""proposed_type_hints"":[""osm_place"",""suburb""],""source"":""osm"",""source_native_id"":""node/27287447"",""source_record_id"":""sr:osm:node/27287447""}],""source_record_ids"":[""sr:osm:node/27287447""],""sources"":[""osm""]}","[""ODBL_1""]",ODBL_ONLY,True,False,[],"{""close_same_context"":true,""close_same_context_pairs"":[{""candidate_location_id_a"":""pl-gp-v01-746355e341e2d43d707b"",""candidate_location_id_b"":""pl-gp-v01-d5debf1f56b473a17ca9"",""distance_km"":0.391}],""duplicate_name_action"":""identity_collision_review"",""normalized_name_group_candidate_ids"":[""pl-gp-v01-746355e341e2d43d707b"",""pl-gp-v01-d5debf1f56b473a17ca9""],""normalized_name_group_size"":2}",True,"[""same normalized name has source objects within 500 m in the same administrative context; identity collision must be resolved""]",True,same normalized name has source objects within 500 m in the same administrative context; identity collision must be resolved,"[""independent_identity_vs_duplicate_source_object""]",[],-25.8751979,28.2007471,ambiguous_identity_or_duplicate
pl-gp-v01-7473d736705abefcd26c,Eastvale,eastvale,suburb,founder_review_required,requires_founder_review,"{""class"":""OSM_place_single_source"",""confidence"":""moderate"",""direct_cross_identifier"":false,""exact_contextual"":false,""fuzzy_proposals_withheld"":0,""match_methods"":{},""match_statuses"":{""ambiguous"":1},""not_based_on_name_equality_alone"":true,""robust"":false,""very_strong"":false}","{""geonames_feature_classes"":{},""geonames_feature_codes"":{},""osm_alias_tags"":{},""osm_identifier_tags"":{},""osm_landuse_values"":[""residential""],""osm_place_values"":[""suburb""],""osm_residential_values"":[],""source_count"":1,""source_native_types"":[{""classification"":{""admin_level"":null,""boundary"":null,""element_type"":""way"",""landuse"":""residential"",""place"":""suburb"",""residential"":null},""proposed_type_hints"":[""osm_place"",""suburb""],""source"":""osm"",""source_native_id"":""way/32149116"",""source_record_id"":""sr:osm:way/32149116""}],""source_record_ids"":[""sr:osm:way/32149116""],""sources"":[""osm""]}","[""ODBL_1""]",ODBL_ONLY,True,False,[],"{""close_same_context"":true,""close_same_context_pairs"":[{""candidate_location_id_a"":""pl-gp-v01-7473d736705abefcd26c"",""candidate_location_id_b"":""pl-gp-v01-8774db231c83b05009d0"",""distance_km"":0.213}],""duplicate_name_action"":""identity_collision_review"",""normalized_name_group_candidate_ids"":[""pl-gp-v01-7473d736705abefcd26c"",""pl-gp-v01-8774db231c83b05009d0""],""normalized_name_group_size"":2}",True,"[""same normalized name has source objects within 500 m in the same administrative context; identity collision must be resolved""]",True,same normalized name has source objects within 500 m in the same administrative context; identity collision must be resolved,"[""independent_identity_vs_duplicate_source_object""]",[],-26.1810885,28.43105949001329,ambiguous_identity_or_duplicate
pl-gp-v01-757a83f567419c726108,Midlands Estate,midlands estate,suburb,founder_review_required,requires_founder_review,"{""class"":""OSM_place_single_source"",""confidence"":""moderate"",""direct_cross_identifier"":false,""exact_contextual"":false,""fuzzy_proposals_withheld"":0,""match_methods"":{},""match_statuses"":{""ambiguous"":1},""not_based_on_name_equality_alone"":true,""robust"":false,""very_strong"":false}","{""geonames_feature_classes"":{},""geonames_feature_codes"":{},""osm_alias_tags"":{},""osm_identifier_tags"":{},""osm_landuse_values"":[],""osm_place_values"":[""suburb""],""osm_residential_values"":[],""source_count"":1,""source_native_types"":[{""classification"":{""admin_level"":null,""boundary"":null,""element_type"":""node"",""landuse"":null,""place"":""suburb"",""residential"":null},""proposed_type_hints"":[""osm_place"",""suburb""],""source"":""osm"",""source_native_id"":""node/858384172"",""source_record_id"":""sr:osm:node/858384172""}],""source_record_ids"":[""sr:osm:node/858384172""],""sources"":[""osm""]}","[""ODBL_1""]",ODBL_ONLY,True,False,[],"{""close_same_context"":true,""close_same_context_pairs"":[{""candidate_location_id_a"":""pl-gp-v01-757a83f567419c726108"",""candidate_location_id_b"":""pl-gp-v01-8b14eb4fa7538536e075"",""distance_km"":0.303}],""duplicate_name_action"":""identity_collision_review"",""normalized_name_group_candidate_ids"":[""pl-gp-v01-757a83f567419c726108"",""pl-gp-v01-8b14eb4fa7538536e075""],""normalized_name_group_size"":2}",True,"[""same normalized name has source objects within 500 m in the same administrative context; identity collision must be resolved""]",True,same normalized name has source objects within 500 m in the same administrative context; identity collision must be resolved,"[""independent_identity_vs_duplicate_source_object""]",[],-25.9287389,28.1902004,ambiguous_identity_or_duplicate
pl-gp-v01-75c241258cf389e6b1cf,Lion Park,lion park,locality,founder_review_required,requires_founder_review,"{""class"":""single_source_baseline"",""confidence"":""low"",""direct_cross_identifier"":false,""exact_contextual"":false,""fuzzy_proposals_withheld"":0,""match_methods"":{},""match_statuses"":{""conflict"":1},""not_based_on_name_equality_alone"":true,""robust"":false,""very_strong"":false}","{""geonames_feature_classes"":{""L"":1},""geonames_feature_codes"":{""RESW"":1},""osm_alias_tags"":{},""osm_identifier_tags"":{},""osm_landuse_values"":[],""osm_place_values"":[],""osm_residential_values"":[],""source_count"":1,""source_native_types"":[{""classification"":{""country_code"":""ZA"",""feature_class"":""L"",""feature_code"":""RESW"",""feature_description"":""wildlife reserve""},""proposed_type_hints"":[""locality""],""source"":""geonames"",""source_native_id"":""7536107"",""source_record_id"":""sr:geonames:7536107""}],""source_record_ids"":[""sr:geonames:7536107""],""sources"":[""geonames""]}","[""CC_BY_4""]",PERMISSIVE_OR_ATTRIBUTION_ONLY,False,True,"[""inside_admin_code_conflict""]","{""close_same_context"":false,""close_same_context_pairs"":[],""duplicate_name_action"":""not_applicable"",""normalized_name_group_candidate_ids"":[""pl-gp-v01-75c241258cf389e6b1cf""],""normalized_name_group_size"":1}",False,"[""point is inside Gauteng but source administrative coding conflicts and independent identity support is weak""]",True,point is inside Gauteng but source administrative coding conflicts and independent identity support is weak,"[""administrative_context""]",[],-25.99806,27.93028,boundary_admin_identity
pl-gp-v01-7cf2b6364a87b87e60e3,Poortjie,poortjie,estate/residential_development_candidate,founder_review_required,requires_founder_review,"{""class"":""three_or_more_source_contextual_match"",""confidence"":""high"",""direct_cross_identifier"":false,""exact_contextual"":true,""fuzzy_proposals_withheld"":2,""match_methods"":{""exact_contextual"":6},""match_statuses"":{""high_confidence"":5,""proposed"":2},""not_based_on_name_equality_alone"":true,""robust"":true,""very_strong"":true}","{""geonames_feature_classes"":{""S"":2},""geonames_feature_codes"":{""FRM"":2},""osm_alias_tags"":{},""osm_identifier_tags"":{},""osm_landuse_values"":[""residential""],""osm_place_values"":[],""osm_residential_values"":[],""source_count"":3,""source_native_types"":[{""classification"":{""country_code"":""ZA"",""feature_class"":""S"",""feature_code"":""FRM"",""feature_description"":""farm""},""proposed_type_hints"":[""other""],""source"":""geonames"",""source_native_id"":""964500"",""source_record_id"":""sr:geonames:964500""},{""classification"":{""country_code"":""ZA"",""feature_class"":""S"",""feature_code"":""FRM"",""feature_description"":""farm""},""proposed_type_hints"":[""other""],""source"":""geonames"",""source_native_id"":""964501"",""source_record_id"":""sr:geonames:964501""},{""classification"":{""designation"":""FRM"",""feature_class"":""S"",""language"":null,""name_rank"":""1"",""script"":null,""ufi"":""-1273350"",""uni"":""-1851521""},""proposed_type_hints"":[""other""],""source"":""nga_gns"",""source_native_id"":""-1273350:-1851521:36105"",""source_record_id"":""sr:nga_gns:-1273350:-1851521:36105""},{""classification"":{""designation"":""FRM"",""feature_class"":""S"",""language"":null,""name_rank"":""1"",""script"":null,""ufi"":""-1273351"",""uni"":""-1851522""},""proposed_type_hints"":[""other""],""source"":""nga_gns"",""source_native_id"":""-1273351:-1851522:37451"",""source_record_id"":""sr:nga_gns:-1273351:-1851522:37451""},{""classification"":{""admin_level"":null,""boundary"":null,""element_type"":""way"",""landuse"":""residential"",""place"":null,""residential"":null},""proposed_type_hints"":[""estate/residential_development_candidate"",""named_residential_development_candidate""],""source"":""osm"",""source_native_id"":""way/390193507"",""source_record_id"":""sr:osm:way/390193507""}],""source_record_ids"":[""sr:geonames:964500"",""sr:geonames:964501"",""sr:nga_gns:-1273350:-1851521:36105"",""sr:nga_gns:-1273351:-1851522:37451"",""sr:osm:way/390193507""],""sources"":[""geonames"",""nga_gns"",""osm""]}","[""CC_BY_4"",""NO_RESTRICTION_GNS"",""ODBL_1""]",MIXED_INCLUDES_ODBL,True,False,[],"{""close_same_context"":false,""close_same_context_pairs"":[],""duplicate_name_action"":""not_applicable"",""normalized_name_group_candidate_ids"":[""pl-gp-v01-7cf2b6364a87b87e60e3""],""normalized_name_group_size"":1}",False,"[""estate/development identity is corroborated but promotion of this product-specific class requires explicit review""]",True,estate/development identity is corroborated but promotion of this product-specific class requires explicit review,"[""estate_or_development_product_class""]",[],-26.451947,27.762326,estate_or_development_promotion
pl-gp-v01-7d833344055a6cee3083,Klipdrif,klipdrif,town,founder_review_required,requires_founder_review,"{""class"":""multi_source_contextual_match"",""confidence"":""moderate"",""direct_cross_identifier"":false,""exact_contextual"":true,""fuzzy_proposals_withheld"":3,""match_methods"":{""exact_contextual"":1},""match_statuses"":{""conflict"":1,""high_confidence"":1,""proposed"":3},""not_based_on_name_equality_alone"":true,""robust"":true,""very_strong"":false}","{""geonames_feature_classes"":{""P"":1},""geonames_feature_codes"":{""PPL"":1},""osm_alias_tags"":{},""osm_identifier_tags"":{},""osm_landuse_values"":[],""osm_place_values"":[],""osm_residential_values"":[],""source_count"":2,""source_native_types"":[{""classification"":{""country_code"":""ZA"",""feature_class"":""P"",""feature_code"":""PPL"",""feature_description"":""populated place""},""proposed_type_hints"":[""locality"",""town"",""village""],""source"":""geonames"",""source_native_id"":""989788"",""source_record_id"":""sr:geonames:989788""},{""classification"":{""designation"":""PPL"",""feature_class"":""P"",""language"":null,""name_rank"":""1"",""script"":null,""ufi"":""-1245138"",""uni"":""-1818042""},""proposed_type_hints"":[""locality"",""town"",""village""],""source"":""nga_gns"",""source_native_id"":""-1245138:-1818042:71953"",""source_record_id"":""sr:nga_gns:-1245138:-1818042:71953""}],""source_record_ids"":[""sr:geonames:989788"",""sr:nga_gns:-1245138:-1818042:71953""],""sources"":[""geonames"",""nga_gns""]}","[""CC_BY_4"",""NO_RESTRICTION_GNS""]",PERMISSIVE_OR_ATTRIBUTION_ONLY,False,True,"[""inside_admin_code_conflict""]","{""close_same_context"":false,""close_same_context_pairs"":[],""duplicate_name_action"":""not_applicable"",""normalized_name_group_candidate_ids"":[""pl-gp-v01-7d833344055a6cee3083""],""normalized_name_group_size"":1}",False,"[""point is inside Gauteng but source administrative coding conflicts and independent identity support is weak""]",True,point is inside Gauteng but source administrative coding conflicts and independent identity support is weak,"[""administrative_context""]",[],-26.6121795,27.261412,boundary_admin_identity
pl-gp-v01-860ba4550eae5450996b,Midfield Estate,midfield estate,suburb,founder_review_required,requires_founder_review,"{""class"":""OSM_place_single_source"",""confidence"":""moderate"",""direct_cross_identifier"":false,""exact_contextual"":false,""fuzzy_proposals_withheld"":0,""match_methods"":{},""match_statuses"":{""ambiguous"":1},""not_based_on_name_equality_alone"":true,""robust"":false,""very_strong"":false}","{""geonames_feature_classes"":{},""geonames_feature_codes"":{},""osm_alias_tags"":{},""osm_identifier_tags"":{},""osm_landuse_values"":[],""osm_place_values"":[""suburb""],""osm_residential_values"":[],""source_count"":1,""source_native_types"":[{""classification"":{""admin_level"":null,""boundary"":null,""element_type"":""node"",""landuse"":null,""place"":""suburb"",""residential"":null},""proposed_type_hints"":[""osm_place"",""suburb""],""source"":""osm"",""source_native_id"":""node/858384169"",""source_record_id"":""sr:osm:node/858384169""}],""source_record_ids"":[""sr:osm:node/858384169""],""sources"":[""osm""]}","[""ODBL_1""]",ODBL_ONLY,True,False,[],"{""close_same_context"":true,""close_same_context_pairs"":[{""candidate_location_id_a"":""pl-gp-v01-860ba4550eae5450996b"",""candidate_location_id_b"":""pl-gp-v01-f4b65f67d2fbaf4f4e93"",""distance_km"":0.062}],""duplicate_name_action"":""identity_collision_review"",""normalized_name_group_candidate_ids"":[""pl-gp-v01-860ba4550eae5450996b"",""pl-gp-v01-f4b65f67d2fbaf4f4e93""],""normalized_name_group_size"":2}",True,"[""same normalized name has source objects within 500 m in the same administrative context; identity collision must be resolved""]",True,same normalized name has source objects within 500 m in the same administrative context; identity collision must be resolved,"[""independent_identity_vs_duplicate_source_object""]",[],-25.9232177,28.1984228,ambiguous_identity_or_duplicate
pl-gp-v01-8774db231c83b05009d0,Eastvale,eastvale,suburb,founder_review_required,requires_founder_review,"{""class"":""OSM_place_single_source"",""confidence"":""moderate"",""direct_cross_identifier"":false,""exact_contextual"":false,""fuzzy_proposals_withheld"":0,""match_methods"":{},""match_statuses"":{""ambiguous"":1},""not_based_on_name_equality_alone"":true,""robust"":false,""very_strong"":false}","{""geonames_feature_classes"":{},""geonames_feature_codes"":{},""osm_alias_tags"":{},""osm_identifier_tags"":{},""osm_landuse_values"":[],""osm_place_values"":[""suburb""],""osm_residential_values"":[],""source_count"":1,""source_native_types"":[{""classification"":{""admin_level"":null,""boundary"":null,""element_type"":""node"",""landuse"":null,""place"":""suburb"",""residential"":null},""proposed_type_hints"":[""osm_place"",""suburb""],""source"":""osm"",""source_native_id"":""node/262705303"",""source_record_id"":""sr:osm:node/262705303""}],""source_record_ids"":[""sr:osm:node/262705303""],""sources"":[""osm""]}","[""ODBL_1""]",ODBL_ONLY,True,False,[],"{""close_same_context"":true,""close_same_context_pairs"":[{""candidate_location_id_a"":""pl-gp-v01-7473d736705abefcd26c"",""candidate_location_id_b"":""pl-gp-v01-8774db231c83b05009d0"",""distance_km"":0.213}],""duplicate_name_action"":""identity_collision_review"",""normalized_name_group_candidate_ids"":[""pl-gp-v01-7473d736705abefcd26c"",""pl-gp-v01-8774db231c83b05009d0""],""normalized_name_group_size"":2}",True,"[""same normalized name has source objects within 500 m in the same administrative context; identity collision must be resolved""]",True,same normalized name has source objects within 500 m in the same administrative context; identity collision must be resolved,"[""independent_identity_vs_duplicate_source_object""]",[],-26.1822222,28.4327778,ambiguous_identity_or_duplicate
pl-gp-v01-8b14eb4fa7538536e075,Midlands Estate,midlands estate,suburb,founder_review_required,requires_founder_review,"{""class"":""OSM_place_single_source"",""confidence"":""moderate"",""direct_cross_identifier"":false,""exact_contextual"":false,""fuzzy_proposals_withheld"":0,""match_methods"":{},""match_statuses"":{""ambiguous"":1},""not_based_on_name_equality_alone"":true,""robust"":false,""very_strong"":false}","{""geonames_feature_classes"":{},""geonames_feature_codes"":{},""osm_alias_tags"":{},""osm_identifier_tags"":{},""osm_landuse_values"":[""residential""],""osm_place_values"":[""suburb""],""osm_residential_values"":[],""source_count"":1,""source_native_types"":[{""classification"":{""admin_level"":null,""boundary"":null,""element_type"":""way"",""landuse"":""residential"",""place"":""suburb"",""residential"":null},""proposed_type_hints"":[""osm_place"",""suburb""],""source"":""osm"",""source_native_id"":""way/171253722"",""source_record_id"":""sr:osm:way/171253722""}],""source_record_ids"":[""sr:osm:way/171253722""],""sources"":[""osm""]}","[""ODBL_1""]",ODBL_ONLY,True,False,[],"{""close_same_context"":true,""close_same_context_pairs"":[{""candidate_location_id_a"":""pl-gp-v01-757a83f567419c726108"",""candidate_location_id_b"":""pl-gp-v01-8b14eb4fa7538536e075"",""distance_km"":0.303}],""duplicate_name_action"":""identity_collision_review"",""normalized_name_group_candidate_ids"":[""pl-gp-v01-757a83f567419c726108"",""pl-gp-v01-8b14eb4fa7538536e075""],""normalized_name_group_size"":2}",True,"[""same normalized name has source objects within 500 m in the same administrative context; identity collision must be resolved""]",True,same normalized name has source objects within 500 m in the same administrative context; identity collision must be resolved,"[""independent_identity_vs_duplicate_source_object""]",[],-25.931314649999997,28.189212546157833,ambiguous_identity_or_duplicate
pl-gp-v01-8c187bbff01695eb3fd1,Petersfield,petersfield,suburb,founder_review_required,requires_founder_review,"{""class"":""OSM_place_single_source"",""confidence"":""moderate"",""direct_cross_identifier"":false,""exact_contextual"":false,""fuzzy_proposals_withheld"":0,""match_methods"":{},""match_statuses"":{""ambiguous"":1},""not_based_on_name_equality_alone"":true,""robust"":false,""very_strong"":false}","{""geonames_feature_classes"":{},""geonames_feature_codes"":{},""osm_alias_tags"":{},""osm_identifier_tags"":{},""osm_landuse_values"":[],""osm_place_values"":[""suburb""],""osm_residential_values"":[],""source_count"":1,""source_native_types"":[{""classification"":{""admin_level"":null,""boundary"":null,""element_type"":""node"",""landuse"":null,""place"":""suburb"",""residential"":null},""proposed_type_hints"":[""osm_place"",""suburb""],""source"":""osm"",""source_native_id"":""node/262714593"",""source_record_id"":""sr:osm:node/262714593""}],""source_record_ids"":[""sr:osm:node/262714593""],""sources"":[""osm""]}","[""ODBL_1""]",ODBL_ONLY,True,False,[],"{""close_same_context"":true,""close_same_context_pairs"":[{""candidate_location_id_a"":""pl-gp-v01-0e9a555a2fd9cf004df6"",""candidate_location_id_b"":""pl-gp-v01-8c187bbff01695eb3fd1"",""distance_km"":0.418}],""duplicate_name_action"":""identity_collision_review"",""normalized_name_group_candidate_ids"":[""pl-gp-v01-0e9a555a2fd9cf004df6"",""pl-gp-v01-8c187bbff01695eb3fd1""],""normalized_name_group_size"":2}",True,"[""same normalized name has source objects within 500 m in the same administrative context; identity collision must be resolved""]",True,same normalized name has source objects within 500 m in the same administrative context; identity collision must be resolved,"[""independent_identity_vs_duplicate_source_object""]",[],-26.232803,28.4424507,ambiguous_identity_or_duplicate
pl-gp-v01-8f4aa345c75a08ea6cc2,The Rocks,the rocks,town,founder_review_required,requires_founder_review,"{""class"":""multi_source_contextual_match"",""confidence"":""moderate"",""direct_cross_identifier"":false,""exact_contextual"":true,""fuzzy_proposals_withheld"":0,""match_methods"":{""exact_contextual"":1},""match_statuses"":{""conflict"":1,""high_confidence"":1},""not_based_on_name_equality_alone"":true,""robust"":true,""very_strong"":false}","{""geonames_feature_classes"":{""P"":1},""geonames_feature_codes"":{""PPL"":1},""osm_alias_tags"":{},""osm_identifier_tags"":{},""osm_landuse_values"":[],""osm_place_values"":[],""osm_residential_values"":[],""source_count"":2,""source_native_types"":[{""classification"":{""country_code"":""ZA"",""feature_class"":""P"",""feature_code"":""PPL"",""feature_description"":""populated place""},""proposed_type_hints"":[""locality"",""town"",""village""],""source"":""geonames"",""source_native_id"":""949339"",""source_record_id"":""sr:geonames:949339""},{""classification"":{""designation"":""PPL"",""feature_class"":""P"",""language"":null,""name_rank"":""1"",""script"":null,""ufi"":""-1290720"",""uni"":""-1871704""},""proposed_type_hints"":[""locality"",""town"",""village""],""source"":""nga_gns"",""source_native_id"":""-1290720:-1871704:18611"",""source_record_id"":""sr:nga_gns:-1290720:-1871704:18611""}],""source_record_ids"":[""sr:geonames:949339"",""sr:nga_gns:-1290720:-1871704:18611""],""sources"":[""geonames"",""nga_gns""]}","[""CC_BY_4"",""NO_RESTRICTION_GNS""]",PERMISSIVE_OR_ATTRIBUTION_ONLY,False,True,"[""inside_admin_code_conflict""]","{""close_same_context"":false,""close_same_context_pairs"":[],""duplicate_name_action"":""not_applicable"",""normalized_name_group_candidate_ids"":[""pl-gp-v01-8f4aa345c75a08ea6cc2""],""normalized_name_group_size"":1}",False,"[""point is inside Gauteng but source administrative coding conflicts and independent identity support is weak""]",True,point is inside Gauteng but source administrative coding conflicts and independent identity support is weak,"[""administrative_context""]",[],-26.0,28.8666685,boundary_admin_identity
pl-gp-v01-96453da361a2a4ff6bd9,Valeriedene,valeriedene,suburb,founder_review_required,requires_founder_review,"{""class"":""OSM_place_single_source"",""confidence"":""moderate"",""direct_cross_identifier"":false,""exact_contextual"":false,""fuzzy_proposals_withheld"":0,""match_methods"":{},""match_statuses"":{""ambiguous"":1},""not_based_on_name_equality_alone"":true,""robust"":false,""very_strong"":false}","{""geonames_feature_classes"":{},""geonames_feature_codes"":{},""osm_alias_tags"":{},""osm_identifier_tags"":{},""osm_landuse_values"":[],""osm_place_values"":[""suburb""],""osm_residential_values"":[],""source_count"":1,""source_native_types"":[{""classification"":{""admin_level"":null,""boundary"":null,""element_type"":""way"",""landuse"":null,""place"":""suburb"",""residential"":null},""proposed_type_hints"":[""osm_place"",""suburb""],""source"":""osm"",""source_native_id"":""way/1067165724"",""source_record_id"":""sr:osm:way/1067165724""}],""source_record_ids"":[""sr:osm:way/1067165724""],""sources"":[""osm""]}","[""ODBL_1""]",ODBL_ONLY,True,False,[],"{""close_same_context"":true,""close_same_context_pairs"":[{""candidate_location_id_a"":""pl-gp-v01-683329ab6bd03d66f91f"",""candidate_location_id_b"":""pl-gp-v01-96453da361a2a4ff6bd9"",""distance_km"":0.466}],""duplicate_name_action"":""identity_collision_review"",""normalized_name_group_candidate_ids"":[""pl-gp-v01-683329ab6bd03d66f91f"",""pl-gp-v01-96453da361a2a4ff6bd9""],""normalized_name_group_size"":2}",True,"[""same normalized name has source objects within 500 m in the same administrative context; identity collision must be resolved""]",True,same normalized name has source objects within 500 m in the same administrative context; identity collision must be resolved,"[""independent_identity_vs_duplicate_source_object""]",[],-26.1530035,27.953438975076338,ambiguous_identity_or_duplicate
pl-gp-v01-9fe8c1b3140564ce01bb,Dalview,dalview,town,founder_review_required,requires_founder_review,"{""class"":""three_or_more_source_contextual_match"",""confidence"":""high"",""direct_cross_identifier"":false,""exact_contextual"":true,""fuzzy_proposals_withheld"":0,""match_methods"":{""exact_contextual"":3},""match_statuses"":{""ambiguous"":3},""not_based_on_name_equality_alone"":true,""robust"":true,""very_strong"":true}","{""geonames_feature_classes"":{""P"":1},""geonames_feature_codes"":{""PPL"":1},""osm_alias_tags"":{},""osm_identifier_tags"":{},""osm_landuse_values"":[],""osm_place_values"":[""suburb""],""osm_residential_values"":[],""source_count"":3,""source_native_types"":[{""classification"":{""country_code"":""ZA"",""feature_class"":""P"",""feature_code"":""PPL"",""feature_description"":""populated place""},""proposed_type_hints"":[""locality"",""town"",""village""],""source"":""geonames"",""source_native_id"":""1012075"",""source_record_id"":""sr:geonames:1012075""},{""classification"":{""designation"":""PPL"",""feature_class"":""P"",""language"":null,""name_rank"":""1"",""script"":null,""ufi"":""-1219420"",""uni"":""-1787699""},""proposed_type_hints"":[""locality"",""town"",""village""],""source"":""nga_gns"",""source_native_id"":""-1219420:-1787699:103242"",""source_record_id"":""sr:nga_gns:-1219420:-1787699:103242""},{""classification"":{""admin_level"":null,""boundary"":null,""element_type"":""node"",""landuse"":null,""place"":""suburb"",""residential"":null},""proposed_type_hints"":[""osm_place"",""suburb""],""source"":""osm"",""source_native_id"":""node/262704815"",""source_record_id"":""sr:osm:node/262704815""}],""source_record_ids"":[""sr:geonames:1012075"",""sr:nga_gns:-1219420:-1787699:103242"",""sr:osm:node/262704815""],""sources"":[""geonames"",""nga_gns"",""osm""]}","[""CC_BY_4"",""NO_RESTRICTION_GNS"",""ODBL_1""]",MIXED_INCLUDES_ODBL,True,False,[],"{""close_same_context"":true,""close_same_context_pairs"":[{""candidate_location_id_a"":""pl-gp-v01-318ec8e5c242dbff4a16"",""candidate_location_id_b"":""pl-gp-v01-9fe8c1b3140564ce01bb"",""distance_km"":0.488}],""duplicate_name_action"":""identity_collision_review"",""normalized_name_group_candidate_ids"":[""pl-gp-v01-318ec8e5c242dbff4a16"",""pl-gp-v01-9fe8c1b3140564ce01bb""],""normalized_name_group_size"":2}",False,"[""same normalized name has source objects within 500 m in the same administrative context; identity collision must be resolved""]",True,same normalized name has source objects within 500 m in the same administrative context; identity collision must be resolved,"[""candidate_type"",""independent_identity_vs_duplicate_source_object""]",[],-26.252898,28.347633,ambiguous_identity_or_duplicate
pl-gp-v01-a288430cad17b85bb3b2,Rosherville,rosherville,suburb,founder_review_required,requires_founder_review,"{""class"":""OSM_place_single_source"",""confidence"":""moderate"",""direct_cross_identifier"":false,""exact_contextual"":false,""fuzzy_proposals_withheld"":0,""match_methods"":{},""match_statuses"":{""ambiguous"":1},""not_based_on_name_equality_alone"":true,""robust"":false,""very_strong"":false}","{""geonames_feature_classes"":{},""geonames_feature_codes"":{},""osm_alias_tags"":{},""osm_identifier_tags"":{},""osm_landuse_values"":[],""osm_place_values"":[""suburb""],""osm_residential_values"":[],""source_count"":1,""source_native_types"":[{""classification"":{""admin_level"":null,""boundary"":null,""element_type"":""node"",""landuse"":null,""place"":""suburb"",""residential"":null},""proposed_type_hints"":[""osm_place"",""suburb""],""source"":""osm"",""source_native_id"":""node/262715695"",""source_record_id"":""sr:osm:node/262715695""}],""source_record_ids"":[""sr:osm:node/262715695""],""sources"":[""osm""]}","[""ODBL_1""]",ODBL_ONLY,True,False,[],"{""close_same_context"":true,""close_same_context_pairs"":[{""candidate_location_id_a"":""pl-gp-v01-a288430cad17b85bb3b2"",""candidate_location_id_b"":""pl-gp-v01-e2011b93aa9678cc5ae1"",""distance_km"":0.109}],""duplicate_name_action"":""identity_collision_review"",""normalized_name_group_candidate_ids"":[""pl-gp-v01-a288430cad17b85bb3b2"",""pl-gp-v01-a941be5d68478f69c68e"",""pl-gp-v01-e2011b93aa9678cc5ae1""],""normalized_name_group_size"":3}",True,"[""same normalized name has source objects within 500 m in the same administrative context; identity collision must be resolved""]",True,same normalized name has source objects within 500 m in the same administrative context; identity collision must be resolved,"[""independent_identity_vs_duplicate_source_object""]",[],-26.2247222,28.1172222,ambiguous_identity_or_duplicate
pl-gp-v01-ab35c1a038a865ba3e52,Mamelodi,mamelodi,estate/residential_development_candidate,candidate_only,candidate,"{""class"":""single_source_baseline"",""confidence"":""low"",""direct_cross_identifier"":false,""exact_contextual"":false,""fuzzy_proposals_withheld"":0,""match_methods"":{},""match_statuses"":{""ambiguous"":1},""not_based_on_name_equality_alone"":true,""robust"":false,""very_strong"":false}","{""geonames_feature_classes"":{},""geonames_feature_codes"":{},""osm_alias_tags"":{},""osm_identifier_tags"":{},""osm_landuse_values"":[""residential""],""osm_place_values"":[],""osm_residential_values"":[""rural""],""source_count"":1,""source_native_types"":[{""classification"":{""admin_level"":null,""boundary"":null,""element_type"":""way"",""landuse"":""residential"",""place"":null,""residential"":""rural""},""proposed_type_hints"":[""estate/residential_development_candidate"",""named_residential_development_candidate""],""source"":""osm"",""source_native_id"":""way/932406643"",""source_record_id"":""sr:osm:way/932406643""}],""source_record_ids"":[""sr:osm:way/932406643""],""sources"":[""osm""]}","[""ODBL_1""]",ODBL_ONLY,True,False,[],"{""close_same_context"":false,""close_same_context_pairs"":[],""duplicate_name_action"":""preserve_separate"",""normalized_name_group_candidate_ids"":[""pl-gp-v01-ab35c1a038a865ba3e52"",""pl-gp-v01-e85d170c3b560f058141""],""normalized_name_group_size"":2}",True,"[""OSM-only residential-development evidence is retained but requires independent corroboration before promotion""]",True,required property-search probe remains weak or non-independent,"[""estate_or_development_product_class""]","[""Mamelodi""]",-25.71243905,28.37118504149406,important_probe_weak_evidence
pl-gp-v01-ad70875e6050d4d23a11,Waverley,waverley,locality,founder_review_required,requires_founder_review,"{""class"":""three_or_more_source_contextual_match"",""confidence"":""high"",""direct_cross_identifier"":false,""exact_contextual"":true,""fuzzy_proposals_withheld"":0,""match_methods"":{""exact_contextual"":3},""match_statuses"":{""ambiguous"":3},""not_based_on_name_equality_alone"":true,""robust"":true,""very_strong"":true}","{""geonames_feature_classes"":{""P"":1},""geonames_feature_codes"":{""PPLX"":1},""osm_alias_tags"":{},""osm_identifier_tags"":{},""osm_landuse_values"":[],""osm_place_values"":[""suburb""],""osm_residential_values"":[],""source_count"":3,""source_native_types"":[{""classification"":{""country_code"":""ZA"",""feature_class"":""P"",""feature_code"":""PPLX"",""feature_description"":""section of populated place""},""proposed_type_hints"":[""locality"",""neighbourhood""],""source"":""geonames"",""source_native_id"":""941376"",""source_record_id"":""sr:geonames:941376""},{""classification"":{""designation"":""PPLX"",""feature_class"":""P"",""language"":null,""name_rank"":""1"",""script"":null,""ufi"":""-1299709"",""uni"":""-1882251""},""proposed_type_hints"":[""locality"",""town"",""village""],""source"":""nga_gns"",""source_native_id"":""-1299709:-1882251:4986"",""source_record_id"":""sr:nga_gns:-1299709:-1882251:4986""},{""classification"":{""admin_level"":null,""boundary"":null,""element_type"":""node"",""landuse"":null,""place"":""suburb"",""residential"":null},""proposed_type_hints"":[""osm_place"",""suburb""],""source"":""osm"",""source_native_id"":""node/262718563"",""source_record_id"":""sr:osm:node/262718563""}],""source_record_ids"":[""sr:geonames:941376"",""sr:nga_gns:-1299709:-1882251:4986"",""sr:osm:node/262718563""],""sources"":[""geonames"",""nga_gns"",""osm""]}","[""CC_BY_4"",""NO_RESTRICTION_GNS"",""ODBL_1""]",MIXED_INCLUDES_ODBL,True,False,[],"{""close_same_context"":true,""close_same_context_pairs"":[{""candidate_location_id_a"":""pl-gp-v01-5edf7c8af629d8f9fcfa"",""candidate_location_id_b"":""pl-gp-v01-ad70875e6050d4d23a11"",""distance_km"":0.417}],""duplicate_name_action"":""identity_collision_review"",""normalized_name_group_candidate_ids"":[""pl-gp-v01-583027856aed313c046c"",""pl-gp-v01-5edf7c8af629d8f9fcfa"",""pl-gp-v01-ad70875e6050d4d23a11""],""normalized_name_group_size"":3}",False,"[""same normalized name has source objects within 500 m in the same administrative context; identity collision must be resolved""]",True,same normalized name has source objects within 500 m in the same administrative context; identity collision must be resolved,"[""candidate_type"",""independent_identity_vs_duplicate_source_object""]",[],-25.70229,28.259068,ambiguous_identity_or_duplicate
pl-gp-v01-b3fb736d5dc294515832,Featherbrooke Estate,featherbrooke estate,neighbourhood,founder_review_required,requires_founder_review,"{""class"":""single_source_baseline"",""confidence"":""low"",""direct_cross_identifier"":false,""exact_contextual"":false,""fuzzy_proposals_withheld"":0,""match_methods"":{},""match_statuses"":{""ambiguous"":1},""not_based_on_name_equality_alone"":true,""robust"":false,""very_strong"":false}","{""geonames_feature_classes"":{""P"":1},""geonames_feature_codes"":{""PPLX"":1},""osm_alias_tags"":{},""osm_identifier_tags"":{},""osm_landuse_values"":[],""osm_place_values"":[],""osm_residential_values"":[],""source_count"":1,""source_native_types"":[{""classification"":{""country_code"":""ZA"",""feature_class"":""P"",""feature_code"":""PPLX"",""feature_description"":""section of populated place""},""proposed_type_hints"":[""locality"",""neighbourhood""],""source"":""geonames"",""source_native_id"":""8063429"",""source_record_id"":""sr:geonames:8063429""}],""source_record_ids"":[""sr:geonames:8063429""],""sources"":[""geonames""]}","[""CC_BY_4""]",PERMISSIVE_OR_ATTRIBUTION_ONLY,False,False,[],"{""close_same_context"":true,""close_same_context_pairs"":[{""candidate_location_id_a"":""pl-gp-v01-b3fb736d5dc294515832"",""candidate_location_id_b"":""pl-gp-v01-e68f6ef6c774fdbd0e25"",""distance_km"":0.148}],""duplicate_name_action"":""identity_collision_review"",""normalized_name_group_candidate_ids"":[""pl-gp-v01-b3fb736d5dc294515832"",""pl-gp-v01-e68f6ef6c774fdbd0e25""],""normalized_name_group_size"":2}",False,"[""same normalized name has source objects within 500 m in the same administrative context; identity collision must be resolved""]",True,same normalized name has source objects within 500 m in the same administrative context; identity collision must be resolved,"[""independent_identity_vs_duplicate_source_object""]",[],-26.07737,27.83918,ambiguous_identity_or_duplicate
pl-gp-v01-b960b1e4421627018b2d,Babelegi,babelegi,town,founder_review_required,requires_founder_review,"{""class"":""multi_source_contextual_match"",""confidence"":""moderate"",""direct_cross_identifier"":false,""exact_contextual"":true,""fuzzy_proposals_withheld"":0,""match_methods"":{""exact_contextual"":1},""match_statuses"":{""conflict"":1,""high_confidence"":1},""not_based_on_name_equality_alone"":true,""robust"":true,""very_strong"":false}","{""geonames_feature_classes"":{""P"":1},""geonames_feature_codes"":{""PPL"":1},""osm_alias_tags"":{},""osm_identifier_tags"":{},""osm_landuse_values"":[],""osm_place_values"":[],""osm_residential_values"":[],""source_count"":2,""source_native_types"":[{""classification"":{""country_code"":""ZA"",""feature_class"":""P"",""feature_code"":""PPL"",""feature_description"":""populated place""},""proposed_type_hints"":[""locality"",""town"",""village""],""source"":""geonames"",""source_native_id"":""1105747"",""source_record_id"":""sr:geonames:1105747""},{""classification"":{""designation"":""PPL"",""feature_class"":""P"",""language"":null,""name_rank"":""1"",""script"":null,""ufi"":""436836"",""uni"":""558583""},""proposed_type_hints"":[""locality"",""town"",""village""],""source"":""nga_gns"",""source_native_id"":""436836:558583:116976"",""source_record_id"":""sr:nga_gns:436836:558583:116976""}],""source_record_ids"":[""sr:geonames:1105747"",""sr:nga_gns:436836:558583:116976""],""sources"":[""geonames"",""nga_gns""]}","[""CC_BY_4"",""NO_RESTRICTION_GNS""]",PERMISSIVE_OR_ATTRIBUTION_ONLY,False,True,"[""inside_admin_code_conflict""]","{""close_same_context"":false,""close_same_context_pairs"":[],""duplicate_name_action"":""not_applicable"",""normalized_name_group_candidate_ids"":[""pl-gp-v01-b960b1e4421627018b2d""],""normalized_name_group_size"":1}",False,"[""point is inside Gauteng but source administrative coding conflicts and independent identity support is weak""]",True,point is inside Gauteng but source administrative coding conflicts and independent identity support is weak,"[""administrative_context""]",[],-25.357559000000002,28.277368000000003,boundary_admin_identity
pl-gp-v01-bb3c51d1199b51b8d155,Meadowlands East,meadowlands east,suburb,founder_review_required,requires_founder_review,"{""class"":""OSM_place_single_source"",""confidence"":""moderate"",""direct_cross_identifier"":false,""exact_contextual"":false,""fuzzy_proposals_withheld"":0,""match_methods"":{},""match_statuses"":{""ambiguous"":1},""not_based_on_name_equality_alone"":true,""robust"":false,""very_strong"":false}","{""geonames_feature_classes"":{},""geonames_feature_codes"":{},""osm_alias_tags"":{},""osm_identifier_tags"":{},""osm_landuse_values"":[],""osm_place_values"":[""suburb""],""osm_residential_values"":[],""source_count"":1,""source_native_types"":[{""classification"":{""admin_level"":null,""boundary"":null,""element_type"":""node"",""landuse"":null,""place"":""suburb"",""residential"":null},""proposed_type_hints"":[""osm_place"",""suburb""],""source"":""osm"",""source_native_id"":""node/262710011"",""source_record_id"":""sr:osm:node/262710011""}],""source_record_ids"":[""sr:osm:node/262710011""],""sources"":[""osm""]}","[""ODBL_1""]",ODBL_ONLY,True,False,[],"{""close_same_context"":true,""close_same_context_pairs"":[{""candidate_location_id_a"":""pl-gp-v01-22bf93f3592f8a9c9c4b"",""candidate_location_id_b"":""pl-gp-v01-bb3c51d1199b51b8d155"",""distance_km"":0.427}],""duplicate_name_action"":""identity_collision_review"",""normalized_name_group_candidate_ids"":[""pl-gp-v01-22bf93f3592f8a9c9c4b"",""pl-gp-v01-bb3c51d1199b51b8d155""],""normalized_name_group_size"":2}",True,"[""same normalized name has source objects within 500 m in the same administrative context; identity collision must be resolved""]",True,same normalized name has source objects within 500 m in the same administrative context; identity collision must be resolved,"[""independent_identity_vs_duplicate_source_object""]",[],-26.2175,27.9016667,ambiguous_identity_or_duplicate
pl-gp-v01-bf3bda5e9b73324fb944,Kyalami,kyalami,neighbourhood,candidate_only,candidate,"{""class"":""single_source_baseline"",""confidence"":""low"",""direct_cross_identifier"":false,""exact_contextual"":false,""fuzzy_proposals_withheld"":0,""match_methods"":{},""match_statuses"":{""single_source"":1},""not_based_on_name_equality_alone"":true,""robust"":false,""very_strong"":false}","{""geonames_feature_classes"":{""P"":1},""geonames_feature_codes"":{""PPLX"":1},""osm_alias_tags"":{},""osm_identifier_tags"":{},""osm_landuse_values"":[],""osm_place_values"":[],""osm_residential_values"":[],""source_count"":1,""source_native_types"":[{""classification"":{""country_code"":""ZA"",""feature_class"":""P"",""feature_code"":""PPLX"",""feature_description"":""section of populated place""},""proposed_type_hints"":[""locality"",""neighbourhood""],""source"":""geonames"",""source_native_id"":""7302796"",""source_record_id"":""sr:geonames:7302796""}],""source_record_ids"":[""sr:geonames:7302796""],""sources"":[""geonames""]}","[""CC_BY_4""]",PERMISSIVE_OR_ATTRIBUTION_ONLY,False,False,[],"{""close_same_context"":false,""close_same_context_pairs"":[],""duplicate_name_action"":""not_applicable"",""normalized_name_group_candidate_ids"":[""pl-gp-v01-bf3bda5e9b73324fb944""],""normalized_name_group_size"":1}",False,"[""evidence does not meet the independent identity threshold for factual canonical promotion""]",True,required property-search probe remains weak or non-independent,[],"[""Kyalami""]",-25.98944,28.07667,important_probe_weak_evidence
pl-gp-v01-c1b972891e5ee3d8ab04,Derdepoortpark,derdepoortpark,suburb,founder_review_required,requires_founder_review,"{""class"":""OSM_place_single_source"",""confidence"":""moderate"",""direct_cross_identifier"":false,""exact_contextual"":false,""fuzzy_proposals_withheld"":0,""match_methods"":{},""match_statuses"":{""ambiguous"":1},""not_based_on_name_equality_alone"":true,""robust"":false,""very_strong"":false}","{""geonames_feature_classes"":{},""geonames_feature_codes"":{},""osm_alias_tags"":{},""osm_identifier_tags"":{},""osm_landuse_values"":[],""osm_place_values"":[""suburb""],""osm_residential_values"":[],""source_count"":1,""source_native_types"":[{""classification"":{""admin_level"":null,""boundary"":null,""element_type"":""node"",""landuse"":null,""place"":""suburb"",""residential"":null},""proposed_type_hints"":[""osm_place"",""suburb""],""source"":""osm"",""source_native_id"":""node/4268911385"",""source_record_id"":""sr:osm:node/4268911385""}],""source_record_ids"":[""sr:osm:node/4268911385""],""sources"":[""osm""]}","[""ODBL_1""]",ODBL_ONLY,True,False,[],"{""close_same_context"":true,""close_same_context_pairs"":[{""candidate_location_id_a"":""pl-gp-v01-19b9d8f7f964b239e124"",""candidate_location_id_b"":""pl-gp-v01-c1b972891e5ee3d8ab04"",""distance_km"":0.062}],""duplicate_name_action"":""identity_collision_review"",""normalized_name_group_candidate_ids"":[""pl-gp-v01-19b9d8f7f964b239e124"",""pl-gp-v01-c1b972891e5ee3d8ab04""],""normalized_name_group_size"":2}",True,"[""same normalized name has source objects within 500 m in the same administrative context; identity collision must be resolved""]",True,same normalized name has source objects within 500 m in the same administrative context; identity collision must be resolved,"[""independent_identity_vs_duplicate_source_object""]",[],-25.6973637,28.2936092,ambiguous_identity_or_duplicate
pl-gp-v01-c4636dc929ca15585b41,Melville Koppies,melville koppies,locality,founder_review_required,requires_founder_review,"{""class"":""single_source_baseline"",""confidence"":""low"",""direct_cross_identifier"":false,""exact_contextual"":false,""fuzzy_proposals_withheld"":0,""match_methods"":{},""match_statuses"":{""conflict"":1},""not_based_on_name_equality_alone"":true,""robust"":false,""very_strong"":false}","{""geonames_feature_classes"":{""L"":1},""geonames_feature_codes"":{""RESN"":1},""osm_alias_tags"":{},""osm_identifier_tags"":{},""osm_landuse_values"":[],""osm_place_values"":[],""osm_residential_values"":[],""source_count"":1,""source_native_types"":[{""classification"":{""country_code"":""ZA"",""feature_class"":""L"",""feature_code"":""RESN"",""feature_description"":""nature reserve""},""proposed_type_hints"":[""locality""],""source"":""geonames"",""source_native_id"":""6295578"",""source_record_id"":""sr:geonames:6295578""}],""source_record_ids"":[""sr:geonames:6295578""],""sources"":[""geonames""]}","[""CC_BY_4""]",PERMISSIVE_OR_ATTRIBUTION_ONLY,False,True,"[""inside_admin_code_conflict""]","{""close_same_context"":false,""close_same_context_pairs"":[],""duplicate_name_action"":""not_applicable"",""normalized_name_group_candidate_ids"":[""pl-gp-v01-c4636dc929ca15585b41""],""normalized_name_group_size"":1}",False,"[""point is inside Gauteng but source administrative coding conflicts and independent identity support is weak""]",True,point is inside Gauteng but source administrative coding conflicts and independent identity support is weak,"[""administrative_context""]",[],-26.17023,27.99334,boundary_admin_identity
pl-gp-v01-caf5c06237858b5da2ba,Theoville,theoville,town,founder_review_required,requires_founder_review,"{""class"":""multi_source_contextual_match"",""confidence"":""moderate"",""direct_cross_identifier"":false,""exact_contextual"":true,""fuzzy_proposals_withheld"":0,""match_methods"":{""exact_contextual"":1},""match_statuses"":{""conflict"":1,""high_confidence"":1},""not_based_on_name_equality_alone"":true,""robust"":true,""very_strong"":false}","{""geonames_feature_classes"":{""P"":1},""geonames_feature_codes"":{""PPL"":1},""osm_alias_tags"":{},""osm_identifier_tags"":{},""osm_landuse_values"":[],""osm_place_values"":[],""osm_residential_values"":[],""source_count"":2,""source_native_types"":[{""classification"":{""country_code"":""ZA"",""feature_class"":""P"",""feature_code"":""PPL"",""feature_description"":""populated place""},""proposed_type_hints"":[""locality"",""town"",""village""],""source"":""geonames"",""source_native_id"":""949399"",""source_record_id"":""sr:geonames:949399""},{""classification"":{""designation"":""PPL"",""feature_class"":""P"",""language"":null,""name_rank"":""1"",""script"":null,""ufi"":""-1290653"",""uni"":""-1871636""},""proposed_type_hints"":[""locality"",""town"",""village""],""source"":""nga_gns"",""source_native_id"":""-1290653:-1871636:17668"",""source_record_id"":""sr:nga_gns:-1290653:-1871636:17668""}],""source_record_ids"":[""sr:geonames:949399"",""sr:nga_gns:-1290653:-1871636:17668""],""sources"":[""geonames"",""nga_gns""]}","[""CC_BY_4"",""NO_RESTRICTION_GNS""]",PERMISSIVE_OR_ATTRIBUTION_ONLY,False,True,"[""inside_admin_code_conflict""]","{""close_same_context"":false,""close_same_context_pairs"":[],""duplicate_name_action"":""not_applicable"",""normalized_name_group_candidate_ids"":[""pl-gp-v01-caf5c06237858b5da2ba""],""normalized_name_group_size"":1}",False,"[""point is inside Gauteng but source administrative coding conflicts and independent identity support is weak""]",True,point is inside Gauteng but source administrative coding conflicts and independent identity support is weak,"[""administrative_context""]",[],-26.761498000000003,27.753811,boundary_admin_identity
pl-gp-v01-d8fc64524fc78270f0f2,Lebaleng,lebaleng,town,founder_review_required,requires_founder_review,"{""class"":""multi_source_contextual_match"",""confidence"":""moderate"",""direct_cross_identifier"":false,""exact_contextual"":true,""fuzzy_proposals_withheld"":0,""match_methods"":{""exact_contextual"":1},""match_statuses"":{""conflict"":1,""high_confidence"":1},""not_based_on_name_equality_alone"":true,""robust"":true,""very_strong"":false}","{""geonames_feature_classes"":{""P"":1},""geonames_feature_codes"":{""PPL"":1},""osm_alias_tags"":{},""osm_identifier_tags"":{},""osm_landuse_values"":[],""osm_place_values"":[],""osm_residential_values"":[],""source_count"":2,""source_native_types"":[{""classification"":{""country_code"":""ZA"",""feature_class"":""P"",""feature_code"":""PPL"",""feature_description"":""populated place""},""proposed_type_hints"":[""locality"",""town"",""village""],""source"":""geonames"",""source_native_id"":""1105760"",""source_record_id"":""sr:geonames:1105760""},{""classification"":{""designation"":""PPL"",""feature_class"":""P"",""language"":null,""name_rank"":""1"",""script"":null,""ufi"":""437016"",""uni"":""558808""},""proposed_type_hints"":[""locality"",""town"",""village""],""source"":""nga_gns"",""source_native_id"":""437016:558808:117006"",""source_record_id"":""sr:nga_gns:437016:558808:117006""}],""source_record_ids"":[""sr:geonames:1105760"",""sr:nga_gns:437016:558808:117006""],""sources"":[""geonames"",""nga_gns""]}","[""CC_BY_4"",""NO_RESTRICTION_GNS""]",PERMISSIVE_OR_ATTRIBUTION_ONLY,False,True,"[""inside_admin_code_conflict""]","{""close_same_context"":false,""close_same_context_pairs"":[],""duplicate_name_action"":""not_applicable"",""normalized_name_group_candidate_ids"":[""pl-gp-v01-d8fc64524fc78270f0f2""],""normalized_name_group_size"":1}",False,"[""point is inside Gauteng but source administrative coding conflicts and independent identity support is weak""]",True,point is inside Gauteng but source administrative coding conflicts and independent identity support is weak,"[""administrative_context""]",[],-25.539442,28.0813895,boundary_admin_identity
pl-gp-v01-df959cb5446d21c9b97c,Leachville,leachville,suburb,founder_review_required,requires_founder_review,"{""class"":""OSM_place_single_source"",""confidence"":""moderate"",""direct_cross_identifier"":false,""exact_contextual"":false,""fuzzy_proposals_withheld"":0,""match_methods"":{},""match_statuses"":{""ambiguous"":1},""not_based_on_name_equality_alone"":true,""robust"":false,""very_strong"":false}","{""geonames_feature_classes"":{},""geonames_feature_codes"":{},""osm_alias_tags"":{},""osm_identifier_tags"":{},""osm_landuse_values"":[""residential""],""osm_place_values"":[""suburb""],""osm_residential_values"":[],""source_count"":1,""source_native_types"":[{""classification"":{""admin_level"":null,""boundary"":null,""element_type"":""way"",""landuse"":""residential"",""place"":""suburb"",""residential"":null},""proposed_type_hints"":[""osm_place"",""suburb""],""source"":""osm"",""source_native_id"":""way/35720663"",""source_record_id"":""sr:osm:way/35720663""}],""source_record_ids"":[""sr:osm:way/35720663""],""sources"":[""osm""]}","[""ODBL_1""]",ODBL_ONLY,True,False,[],"{""close_same_context"":true,""close_same_context_pairs"":[{""candidate_location_id_a"":""pl-gp-v01-28a23a6ce0b62338bcdb"",""candidate_location_id_b"":""pl-gp-v01-df959cb5446d21c9b97c"",""distance_km"":0.049}],""duplicate_name_action"":""identity_collision_review"",""normalized_name_group_candidate_ids"":[""pl-gp-v01-28a23a6ce0b62338bcdb"",""pl-gp-v01-df959cb5446d21c9b97c""],""normalized_name_group_size"":2}",True,"[""same normalized name has source objects within 500 m in the same administrative context; identity collision must be resolved""]",True,same normalized name has source objects within 500 m in the same administrative context; identity collision must be resolved,"[""independent_identity_vs_duplicate_source_object""]",[],-26.231915049999998,28.33403428596743,ambiguous_identity_or_duplicate
pl-gp-v01-e2332980a9db768081c5,Country View,country view,neighbourhood,founder_review_required,requires_founder_review,"{""class"":""single_source_baseline"",""confidence"":""low"",""direct_cross_identifier"":false,""exact_contextual"":false,""fuzzy_proposals_withheld"":0,""match_methods"":{},""match_statuses"":{""ambiguous"":1},""not_based_on_name_equality_alone"":true,""robust"":false,""very_strong"":false}","{""geonames_feature_classes"":{""P"":1},""geonames_feature_codes"":{""PPLX"":1},""osm_alias_tags"":{},""osm_identifier_tags"":{},""osm_landuse_values"":[],""osm_place_values"":[],""osm_residential_values"":[],""source_count"":1,""source_native_types"":[{""classification"":{""country_code"":""ZA"",""feature_class"":""P"",""feature_code"":""PPLX"",""feature_description"":""section of populated place""},""proposed_type_hints"":[""locality"",""neighbourhood""],""source"":""geonames"",""source_native_id"":""11204226"",""source_record_id"":""sr:geonames:11204226""}],""source_record_ids"":[""sr:geonames:11204226""],""sources"":[""geonames""]}","[""CC_BY_4""]",PERMISSIVE_OR_ATTRIBUTION_ONLY,False,False,[],"{""close_same_context"":true,""close_same_context_pairs"":[{""candidate_location_id_a"":""pl-gp-v01-75ceb9a9192be0139b52"",""candidate_location_id_b"":""pl-gp-v01-e2332980a9db768081c5"",""distance_km"":0.309}],""duplicate_name_action"":""identity_collision_review"",""normalized_name_group_candidate_ids"":[""pl-gp-v01-75ceb9a9192be0139b52"",""pl-gp-v01-8b01b606f50eb1b984df"",""pl-gp-v01-c432be8fe0cd89072596"",""pl-gp-v01-e2332980a9db768081c5""],""normalized_name_group_size"":4}",False,"[""same normalized name has source objects within 500 m in the same administrative context; identity collision must be resolved""]",True,same normalized name has source objects within 500 m in the same administrative context; identity collision must be resolved,"[""independent_identity_vs_duplicate_source_object""]",[],-25.945,28.12694,ambiguous_identity_or_duplicate
pl-gp-v01-e7972062766a0f7edf50,Richmond,richmond,neighbourhood,founder_review_required,requires_founder_review,"{""class"":""direct_cross_identifier"",""confidence"":""high"",""direct_cross_identifier"":true,""exact_contextual"":false,""fuzzy_proposals_withheld"":0,""match_methods"":{""direct_cross_identifier"":1},""match_statuses"":{""ambiguous"":2},""not_based_on_name_equality_alone"":true,""robust"":true,""very_strong"":true}","{""geonames_feature_classes"":{},""geonames_feature_codes"":{},""osm_alias_tags"":{},""osm_identifier_tags"":{""wikidata"":1,""wikipedia"":1},""osm_landuse_values"":[],""osm_place_values"":[""neighbourhood""],""osm_residential_values"":[],""source_count"":2,""source_native_types"":[{""classification"":{""admin_level"":null,""boundary"":null,""element_type"":""way"",""landuse"":null,""place"":""neighbourhood"",""residential"":null},""proposed_type_hints"":[""neighbourhood"",""osm_place""],""source"":""osm"",""source_native_id"":""way/1489761671"",""source_record_id"":""sr:osm:way/1489761671""},{""classification"":{""description"":[""Richmond is one of Johannesburg's oldest suburbs""],""instance_of"":[""http://www.wikidata.org/entity/Q188509"",""http://www.wikidata.org/entity/Q486972""]},""proposed_type_hints"":[""locality""],""source"":""wikidata"",""source_native_id"":""Q61359147"",""source_record_id"":""sr:wikidata:Q61359147""}],""source_record_ids"":[""sr:osm:way/1489761671"",""sr:wikidata:Q61359147""],""sources"":[""osm"",""wikidata""]}","[""CC0"",""ODBL_1""]",MIXED_INCLUDES_ODBL,True,False,[],"{""close_same_context"":true,""close_same_context_pairs"":[{""candidate_location_id_a"":""pl-gp-v01-3f1f181735005aab64a6"",""candidate_location_id_b"":""pl-gp-v01-e7972062766a0f7edf50"",""distance_km"":0.118}],""duplicate_name_action"":""identity_collision_review"",""normalized_name_group_candidate_ids"":[""pl-gp-v01-3f1f181735005aab64a6"",""pl-gp-v01-e7972062766a0f7edf50""],""normalized_name_group_size"":2}",False,"[""same normalized name has source objects within 500 m in the same administrative context; identity collision must be resolved""]",True,same normalized name has source objects within 500 m in the same administrative context; identity collision must be resolved,"[""candidate_type"",""independent_identity_vs_duplicate_source_object""]",[],-26.180635875,28.016385202373936,ambiguous_identity_or_duplicate
pl-gp-v01-ebc58f0311d83f8648cb,Midstream Estate,midstream estate,suburb,founder_review_required,requires_founder_review,"{""class"":""OSM_place_single_source"",""confidence"":""moderate"",""direct_cross_identifier"":false,""exact_contextual"":false,""fuzzy_proposals_withheld"":0,""match_methods"":{},""match_statuses"":{""ambiguous"":1},""not_based_on_name_equality_alone"":true,""robust"":false,""very_strong"":false}","{""geonames_feature_classes"":{},""geonames_feature_codes"":{},""osm_alias_tags"":{},""osm_identifier_tags"":{},""osm_landuse_values"":[],""osm_place_values"":[""suburb""],""osm_residential_values"":[],""source_count"":1,""source_native_types"":[{""classification"":{""admin_level"":null,""boundary"":null,""element_type"":""node"",""landuse"":null,""place"":""suburb"",""residential"":null},""proposed_type_hints"":[""osm_place"",""suburb""],""source"":""osm"",""source_native_id"":""node/866282626"",""source_record_id"":""sr:osm:node/866282626""}],""source_record_ids"":[""sr:osm:node/866282626""],""sources"":[""osm""]}","[""ODBL_1""]",ODBL_ONLY,True,False,[],"{""close_same_context"":true,""close_same_context_pairs"":[{""candidate_location_id_a"":""pl-gp-v01-2fad4c8097c15027f8ec"",""candidate_location_id_b"":""pl-gp-v01-ebc58f0311d83f8648cb"",""distance_km"":0.13}],""duplicate_name_action"":""identity_collision_review"",""normalized_name_group_candidate_ids"":[""pl-gp-v01-2fad4c8097c15027f8ec"",""pl-gp-v01-ebc58f0311d83f8648cb""],""normalized_name_group_size"":2}",True,"[""same normalized name has source objects within 500 m in the same administrative context; identity collision must be resolved""]",True,same normalized name has source objects within 500 m in the same administrative context; identity collision must be resolved,"[""independent_identity_vs_duplicate_source_object""]",[],-25.9111052,28.1933548,ambiguous_identity_or_duplicate
pl-gp-v01-ef9db80b7a695b04071b,Sandton Convention Centre,sandton convention centre,locality,founder_review_required,requires_founder_review,"{""class"":""single_source_baseline"",""confidence"":""low"",""direct_cross_identifier"":false,""exact_contextual"":false,""fuzzy_proposals_withheld"":0,""match_methods"":{},""match_statuses"":{""conflict"":1},""not_based_on_name_equality_alone"":true,""robust"":false,""very_strong"":false}","{""geonames_feature_classes"":{""L"":1},""geonames_feature_codes"":{""CTRB"":1},""osm_alias_tags"":{},""osm_identifier_tags"":{},""osm_landuse_values"":[],""osm_place_values"":[],""osm_residential_values"":[],""source_count"":1,""source_native_types"":[{""classification"":{""country_code"":""ZA"",""feature_class"":""L"",""feature_code"":""CTRB"",""feature_description"":""business center""},""proposed_type_hints"":[""locality""],""source"":""geonames"",""source_native_id"":""7534689"",""source_record_id"":""sr:geonames:7534689""}],""source_record_ids"":[""sr:geonames:7534689""],""sources"":[""geonames""]}","[""CC_BY_4""]",PERMISSIVE_OR_ATTRIBUTION_ONLY,False,True,"[""inside_admin_code_conflict""]","{""close_same_context"":false,""close_same_context_pairs"":[],""duplicate_name_action"":""not_applicable"",""normalized_name_group_candidate_ids"":[""pl-gp-v01-ef9db80b7a695b04071b""],""normalized_name_group_size"":1}",False,"[""point is inside Gauteng but source administrative coding conflicts and independent identity support is weak""]",True,point is inside Gauteng but source administrative coding conflicts and independent identity support is weak,"[""administrative_context""]",[],-26.10694,28.05167,boundary_admin_identity
pl-gp-v01-f4149dbaa40c31ab7bb9,Kophou,kophou,town,founder_review_required,requires_founder_review,"{""class"":""multi_source_contextual_match"",""confidence"":""moderate"",""direct_cross_identifier"":false,""exact_contextual"":true,""fuzzy_proposals_withheld"":0,""match_methods"":{""exact_contextual"":1},""match_statuses"":{""conflict"":1,""high_confidence"":1},""not_based_on_name_equality_alone"":true,""robust"":true,""very_strong"":false}","{""geonames_feature_classes"":{""P"":1},""geonames_feature_codes"":{""PPL"":1},""osm_alias_tags"":{},""osm_identifier_tags"":{},""osm_landuse_values"":[],""osm_place_values"":[],""osm_residential_values"":[],""source_count"":2,""source_native_types"":[{""classification"":{""country_code"":""ZA"",""feature_class"":""P"",""feature_code"":""PPL"",""feature_description"":""populated place""},""proposed_type_hints"":[""locality"",""town"",""village""],""source"":""geonames"",""source_native_id"":""987959"",""source_record_id"":""sr:geonames:987959""},{""classification"":{""designation"":""PPL"",""feature_class"":""P"",""language"":null,""name_rank"":""1"",""script"":null,""ufi"":""-1247368"",""uni"":""-1820641""},""proposed_type_hints"":[""locality"",""town"",""village""],""source"":""nga_gns"",""source_native_id"":""-1247368:-1820641:67875"",""source_record_id"":""sr:nga_gns:-1247368:-1820641:67875""}],""source_record_ids"":[""sr:geonames:987959"",""sr:nga_gns:-1247368:-1820641:67875""],""sources"":[""geonames"",""nga_gns""]}","[""CC_BY_4"",""NO_RESTRICTION_GNS""]",PERMISSIVE_OR_ATTRIBUTION_ONLY,False,True,"[""inside_admin_code_conflict""]","{""close_same_context"":false,""close_same_context_pairs"":[],""duplicate_name_action"":""not_applicable"",""normalized_name_group_candidate_ids"":[""pl-gp-v01-f4149dbaa40c31ab7bb9""],""normalized_name_group_size"":1}",False,"[""point is inside Gauteng but source administrative coding conflicts and independent identity support is weak""]",True,point is inside Gauteng but source administrative coding conflicts and independent identity support is weak,"[""administrative_context""]",[],-25.8666685,27.6666685,boundary_admin_identity
pl-gp-v01-f4b65f67d2fbaf4f4e93,Midfield Estate,midfield estate,suburb,founder_review_required,requires_founder_review,"{""class"":""OSM_place_single_source"",""confidence"":""moderate"",""direct_cross_identifier"":false,""exact_contextual"":false,""fuzzy_proposals_withheld"":0,""match_methods"":{},""match_statuses"":{""ambiguous"":1},""not_based_on_name_equality_alone"":true,""robust"":false,""very_strong"":false}","{""geonames_feature_classes"":{},""geonames_feature_codes"":{},""osm_alias_tags"":{},""osm_identifier_tags"":{},""osm_landuse_values"":[""residential""],""osm_place_values"":[""suburb""],""osm_residential_values"":[],""source_count"":1,""source_native_types"":[{""classification"":{""admin_level"":null,""boundary"":null,""element_type"":""way"",""landuse"":""residential"",""place"":""suburb"",""residential"":null},""proposed_type_hints"":[""osm_place"",""suburb""],""source"":""osm"",""source_native_id"":""way/73219712"",""source_record_id"":""sr:osm:way/73219712""}],""source_record_ids"":[""sr:osm:way/73219712""],""sources"":[""osm""]}","[""ODBL_1""]",ODBL_ONLY,True,False,[],"{""close_same_context"":true,""close_same_context_pairs"":[{""candidate_location_id_a"":""pl-gp-v01-860ba4550eae5450996b"",""candidate_location_id_b"":""pl-gp-v01-f4b65f67d2fbaf4f4e93"",""distance_km"":0.062}],""duplicate_name_action"":""identity_collision_review"",""normalized_name_group_candidate_ids"":[""pl-gp-v01-860ba4550eae5450996b"",""pl-gp-v01-f4b65f67d2fbaf4f4e93""],""normalized_name_group_size"":2}",True,"[""same normalized name has source objects within 500 m in the same administrative context; identity collision must be resolved""]",True,same normalized name has source objects within 500 m in the same administrative context; identity collision must be resolved,"[""independent_identity_vs_duplicate_source_object""]",[],-25.9227974,28.19802305047338,ambiguous_identity_or_duplicate
pl-gp-v01-f9166465fa080f4c2d95,Dainfern Ridge,dainfern ridge,neighbourhood,founder_review_required,requires_founder_review,"{""class"":""single_source_baseline"",""confidence"":""low"",""direct_cross_identifier"":false,""exact_contextual"":false,""fuzzy_proposals_withheld"":0,""match_methods"":{},""match_statuses"":{""ambiguous"":1},""not_based_on_name_equality_alone"":true,""robust"":false,""very_strong"":false}","{""geonames_feature_classes"":{""P"":1},""geonames_feature_codes"":{""PPLX"":1},""osm_alias_tags"":{},""osm_identifier_tags"":{},""osm_landuse_values"":[],""osm_place_values"":[],""osm_residential_values"":[],""source_count"":1,""source_native_types"":[{""classification"":{""country_code"":""ZA"",""feature_class"":""P"",""feature_code"":""PPLX"",""feature_description"":""section of populated place""},""proposed_type_hints"":[""locality"",""neighbourhood""],""source"":""geonames"",""source_native_id"":""11205205"",""source_record_id"":""sr:geonames:11205205""}],""source_record_ids"":[""sr:geonames:11205205""],""sources"":[""geonames""]}","[""CC_BY_4""]",PERMISSIVE_OR_ATTRIBUTION_ONLY,False,False,[],"{""close_same_context"":true,""close_same_context_pairs"":[{""candidate_location_id_a"":""pl-gp-v01-6b280099510e7d943f24"",""candidate_location_id_b"":""pl-gp-v01-f9166465fa080f4c2d95"",""distance_km"":0.139}],""duplicate_name_action"":""identity_collision_review"",""normalized_name_group_candidate_ids"":[""pl-gp-v01-6b280099510e7d943f24"",""pl-gp-v01-f9166465fa080f4c2d95""],""normalized_name_group_size"":2}",False,"[""same normalized name has source objects within 500 m in the same administrative context; identity collision must be resolved""]",True,same normalized name has source objects within 500 m in the same administrative context; identity collision must be resolved,"[""independent_identity_vs_duplicate_source_object""]",[],-25.99323,28.00544,ambiguous_identity_or_duplicate
pl-gp-v01-fe8b00a1ad21ea9b1ec9,Woodmead East,woodmead east,suburb,founder_review_required,requires_founder_review,"{""class"":""OSM_place_single_source"",""confidence"":""moderate"",""direct_cross_identifier"":false,""exact_contextual"":false,""fuzzy_proposals_withheld"":0,""match_methods"":{},""match_statuses"":{""ambiguous"":1},""not_based_on_name_equality_alone"":true,""robust"":false,""very_strong"":false}","{""geonames_feature_classes"":{},""geonames_feature_codes"":{},""osm_alias_tags"":{},""osm_identifier_tags"":{},""osm_landuse_values"":[],""osm_place_values"":[""suburb""],""osm_residential_values"":[],""source_count"":1,""source_native_types"":[{""classification"":{""admin_level"":null,""boundary"":null,""element_type"":""node"",""landuse"":null,""place"":""suburb"",""residential"":null},""proposed_type_hints"":[""osm_place"",""suburb""],""source"":""osm"",""source_native_id"":""node/262718869"",""source_record_id"":""sr:osm:node/262718869""}],""source_record_ids"":[""sr:osm:node/262718869""],""sources"":[""osm""]}","[""ODBL_1""]",ODBL_ONLY,True,False,[],"{""close_same_context"":true,""close_same_context_pairs"":[{""candidate_location_id_a"":""pl-gp-v01-d92df1d961f7a0a06d74"",""candidate_location_id_b"":""pl-gp-v01-fe8b00a1ad21ea9b1ec9"",""distance_km"":0.407}],""duplicate_name_action"":""identity_collision_review"",""normalized_name_group_candidate_ids"":[""pl-gp-v01-d92df1d961f7a0a06d74"",""pl-gp-v01-fe8b00a1ad21ea9b1ec9""],""normalized_name_group_size"":2}",True,"[""same normalized name has source objects within 500 m in the same administrative context; identity collision must be resolved""]",True,same normalized name has source objects within 500 m in the same administrative context; identity collision must be resolved,"[""independent_identity_vs_duplicate_source_object""]",[],-26.0458333,28.0863889,ambiguous_identity_or_duplicate
pl-gp-v01-ffa5ad909f6f398c5699,Mooikloof Hillls,mooikloof hillls,suburb,founder_review_required,requires_founder_review,"{""class"":""OSM_place_single_source"",""confidence"":""moderate"",""direct_cross_identifier"":false,""exact_contextual"":false,""fuzzy_proposals_withheld"":0,""match_methods"":{},""match_statuses"":{""ambiguous"":1},""not_based_on_name_equality_alone"":true,""robust"":false,""very_strong"":false}","{""geonames_feature_classes"":{},""geonames_feature_codes"":{},""osm_alias_tags"":{},""osm_identifier_tags"":{},""osm_landuse_values"":[],""osm_place_values"":[""suburb""],""osm_residential_values"":[],""source_count"":1,""source_native_types"":[{""classification"":{""admin_level"":null,""boundary"":null,""element_type"":""node"",""landuse"":null,""place"":""suburb"",""residential"":null},""proposed_type_hints"":[""osm_place"",""suburb""],""source"":""osm"",""source_native_id"":""node/286523270"",""source_record_id"":""sr:osm:node/286523270""}],""source_record_ids"":[""sr:osm:node/286523270""],""sources"":[""osm""]}","[""ODBL_1""]",ODBL_ONLY,True,False,[],"{""close_same_context"":true,""close_same_context_pairs"":[{""candidate_location_id_a"":""pl-gp-v01-7fe84eb5da209f05419d"",""candidate_location_id_b"":""pl-gp-v01-ffa5ad909f6f398c5699"",""distance_km"":0.321}],""duplicate_name_action"":""identity_collision_review"",""normalized_name_group_candidate_ids"":[""pl-gp-v01-7fe84eb5da209f05419d"",""pl-gp-v01-ffa5ad909f6f398c5699""],""normalized_name_group_size"":2}",True,"[""same normalized name has source objects within 500 m in the same administrative context; identity collision must be resolved""]",True,same normalized name has source objects within 500 m in the same administrative context; identity collision must be resolved,"[""independent_identity_vs_duplicate_source_object""]",[],-25.8580866,28.3420199,ambiguous_identity_or_duplicate
